"Variables ->","ln_cpi_sub","ln_s","ln_bm","ln_cpi","ln_ipei","i","i_star","ln_y_star","ln_y"
"Comments ->","","","","","","","Federal Funds Effective Rate","Real Gross Domestic Product",""
"Class[Size] ->","tseries[308-by-1]","tseries[308-by-1]","tseries[308-by-1]","tseries[308-by-1]","tseries[308-by-1]","tseries[308-by-1]","Series[308-by-1]","Series[308-by-1]","tseries[308-by-1]"
"1947Q1",NaN,NaN,NaN,NaN,NaN,NaN,NaN,7.68830922e+02,NaN
"1947Q2",NaN,NaN,NaN,NaN,NaN,NaN,NaN,7.68565345e+02,NaN
"1947Q3",NaN,NaN,NaN,NaN,NaN,NaN,NaN,7.68360256e+02,NaN
"1947Q4",NaN,NaN,NaN,NaN,NaN,NaN,NaN,7.69914107e+02,NaN
"1948Q1",NaN,NaN,NaN,NaN,NaN,NaN,NaN,7.71408917e+02,NaN
"1948Q2",NaN,NaN,NaN,NaN,NaN,NaN,NaN,7.73047791e+02,NaN
"1948Q3",NaN,NaN,NaN,NaN,NaN,NaN,NaN,7.73620665e+02,NaN
"1948Q4",NaN,NaN,NaN,NaN,NaN,NaN,NaN,7.73733888e+02,NaN
"1949Q1",NaN,NaN,NaN,NaN,NaN,NaN,NaN,7.72347711e+02,NaN
"1949Q2",NaN,NaN,NaN,NaN,NaN,NaN,NaN,7.72007475e+02,NaN
"1949Q3",NaN,NaN,NaN,NaN,NaN,NaN,NaN,7.73036107e+02,NaN
"1949Q4",NaN,NaN,NaN,NaN,NaN,NaN,NaN,7.72194772e+02,NaN
"1950Q1",NaN,NaN,NaN,NaN,NaN,NaN,NaN,7.76051136e+02,NaN
"1950Q2",NaN,NaN,NaN,NaN,NaN,NaN,NaN,7.79056451e+02,NaN
"1950Q3",NaN,NaN,NaN,NaN,NaN,NaN,NaN,7.82848694e+02,NaN
"1950Q4",NaN,NaN,NaN,NaN,NaN,NaN,NaN,7.84745546e+02,NaN
"1951Q1",NaN,NaN,NaN,NaN,NaN,NaN,NaN,7.86094364e+02,NaN
"1951Q2",NaN,NaN,NaN,NaN,NaN,NaN,NaN,7.87811668e+02,NaN
"1951Q3",NaN,NaN,NaN,NaN,NaN,NaN,NaN,7.89850726e+02,NaN
"1951Q4",NaN,NaN,NaN,NaN,NaN,NaN,NaN,7.90069441e+02,NaN
"1952Q1",NaN,NaN,NaN,NaN,NaN,NaN,NaN,7.91130716e+02,NaN
"1952Q2",NaN,NaN,NaN,NaN,NaN,NaN,NaN,7.91344786e+02,NaN
"1952Q3",NaN,NaN,NaN,NaN,NaN,NaN,NaN,7.92063428e+02,NaN
"1952Q4",NaN,NaN,NaN,NaN,NaN,NaN,NaN,7.95294605e+02,NaN
"1953Q1",NaN,NaN,NaN,NaN,NaN,NaN,NaN,7.97136576e+02,NaN
"1953Q2",NaN,NaN,NaN,NaN,NaN,NaN,NaN,7.97906694e+02,NaN
"1953Q3",NaN,NaN,NaN,NaN,NaN,NaN,NaN,7.97342590e+02,NaN
"1953Q4",NaN,NaN,NaN,NaN,NaN,NaN,NaN,7.95817298e+02,NaN
"1954Q1",NaN,NaN,NaN,NaN,NaN,NaN,NaN,7.95338583e+02,NaN
"1954Q2",NaN,NaN,NaN,NaN,NaN,NaN,NaN,7.95447936e+02,NaN
"1954Q3",NaN,NaN,NaN,NaN,NaN,NaN,1.03000000e+00,7.96571292e+02,NaN
"1954Q4",NaN,NaN,NaN,NaN,NaN,NaN,9.86666667e-01,7.98509354e+02,NaN
"1955Q1",NaN,NaN,NaN,NaN,NaN,NaN,1.34333333e+00,8.01325910e+02,NaN
"1955Q2",NaN,NaN,NaN,NaN,NaN,NaN,1.50000000e+00,8.02940352e+02,NaN
"1955Q3",NaN,NaN,NaN,NaN,NaN,NaN,1.94000000e+00,8.04282132e+02,NaN
"1955Q4",NaN,NaN,NaN,NaN,NaN,NaN,2.35666667e+00,8.04881001e+02,NaN
"1956Q1",NaN,NaN,NaN,NaN,NaN,NaN,2.48333333e+00,8.04492203e+02,NaN
"1956Q2",NaN,NaN,NaN,NaN,NaN,NaN,2.69333333e+00,8.05315382e+02,NaN
"1956Q3",NaN,NaN,NaN,NaN,NaN,NaN,2.81000000e+00,8.05225638e+02,NaN
"1956Q4",NaN,NaN,NaN,NaN,NaN,NaN,2.92666667e+00,8.06858151e+02,NaN
"1957Q1",NaN,NaN,NaN,NaN,NaN,NaN,2.93333333e+00,8.07496378e+02,NaN
"1957Q2",NaN,NaN,NaN,NaN,NaN,NaN,3.00000000e+00,8.07276998e+02,NaN
"1957Q3",NaN,NaN,NaN,NaN,NaN,NaN,3.23333333e+00,8.08252149e+02,NaN
"1957Q4",NaN,NaN,NaN,NaN,NaN,NaN,3.25333333e+00,8.07212222e+02,NaN
"1958Q1",NaN,NaN,NaN,NaN,NaN,NaN,1.86333333e+00,8.04582031e+02,NaN
"1958Q2",NaN,NaN,NaN,NaN,NaN,NaN,9.40000000e-01,8.05236781e+02,NaN
"1958Q3",NaN,NaN,NaN,NaN,NaN,NaN,1.32333333e+00,8.07523545e+02,NaN
"1958Q4",NaN,NaN,NaN,NaN,NaN,NaN,2.16333333e+00,8.09834858e+02,NaN
"1959Q1",NaN,NaN,NaN,NaN,NaN,NaN,2.57000000e+00,8.11735095e+02,NaN
"1959Q2",NaN,NaN,NaN,NaN,NaN,NaN,3.08333333e+00,8.13963513e+02,NaN
"1959Q3",NaN,NaN,NaN,NaN,NaN,NaN,3.57666667e+00,8.14033216e+02,NaN
"1959Q4",NaN,NaN,NaN,NaN,NaN,NaN,3.99000000e+00,8.14317791e+02,NaN
"1960Q1",NaN,NaN,NaN,NaN,NaN,NaN,3.93333333e+00,8.16541510e+02,NaN
"1960Q2",NaN,NaN,NaN,NaN,NaN,NaN,3.69666667e+00,8.16001698e+02,NaN
"1960Q3",NaN,NaN,NaN,NaN,NaN,NaN,2.93666667e+00,8.16490433e+02,NaN
"1960Q4",NaN,NaN,NaN,NaN,NaN,NaN,2.29666667e+00,8.15198999e+02,NaN
"1961Q1",NaN,NaN,NaN,NaN,NaN,NaN,2.00333333e+00,8.15871748e+02,NaN
"1961Q2",NaN,NaN,NaN,NaN,NaN,NaN,1.73333333e+00,8.17555351e+02,NaN
"1961Q3",NaN,NaN,NaN,NaN,NaN,NaN,1.68333333e+00,8.19457510e+02,NaN
"1961Q4",NaN,NaN,NaN,NaN,NaN,NaN,2.40000000e+00,8.21400187e+02,NaN
"1962Q1",NaN,NaN,NaN,NaN,NaN,NaN,2.45666667e+00,8.23168130e+02,NaN
"1962Q2",NaN,NaN,NaN,NaN,NaN,NaN,2.60666667e+00,8.24068816e+02,NaN
"1962Q3",NaN,NaN,NaN,NaN,NaN,NaN,2.84666667e+00,8.25290884e+02,NaN
"1962Q4",NaN,NaN,NaN,NaN,NaN,NaN,2.92333333e+00,8.25619745e+02,NaN
"1963Q1",NaN,NaN,NaN,NaN,NaN,NaN,2.96666667e+00,8.26705915e+02,NaN
"1963Q2",NaN,NaN,NaN,NaN,NaN,NaN,2.96333333e+00,8.27822077e+02,NaN
"1963Q3",NaN,NaN,NaN,NaN,NaN,NaN,3.33000000e+00,8.29997083e+02,NaN
"1963Q4",NaN,NaN,NaN,NaN,NaN,NaN,3.45333333e+00,8.30650846e+02,NaN
"1964Q1",NaN,NaN,NaN,NaN,NaN,NaN,3.46333333e+00,8.32737633e+02,NaN
"1964Q2",NaN,NaN,NaN,NaN,NaN,NaN,3.49000000e+00,8.33820814e+02,NaN
"1964Q3",NaN,NaN,NaN,NaN,NaN,NaN,3.45666667e+00,8.35371333e+02,NaN
"1964Q4",NaN,NaN,NaN,NaN,NaN,NaN,3.57666667e+00,8.35680047e+02,NaN
"1965Q1",NaN,NaN,NaN,NaN,NaN,NaN,3.97666667e+00,8.38071139e+02,NaN
"1965Q2",NaN,NaN,NaN,NaN,NaN,NaN,4.08000000e+00,8.39326695e+02,NaN
"1965Q3",NaN,NaN,NaN,NaN,NaN,NaN,4.07666667e+00,8.41525504e+02,NaN
"1965Q4",NaN,NaN,NaN,NaN,NaN,NaN,4.16666667e+00,8.43803266e+02,NaN
"1966Q1",NaN,NaN,NaN,NaN,NaN,NaN,4.56000000e+00,8.46207956e+02,NaN
"1966Q2",NaN,NaN,NaN,NaN,NaN,NaN,4.91333333e+00,8.46548844e+02,NaN
"1966Q3",NaN,NaN,NaN,NaN,NaN,NaN,5.41000000e+00,8.47392111e+02,NaN
"1966Q4",NaN,NaN,NaN,NaN,NaN,NaN,5.56333333e+00,8.48209168e+02,NaN
"1967Q1",NaN,NaN,NaN,NaN,NaN,NaN,4.82333333e+00,8.49091061e+02,NaN
"1967Q2",NaN,NaN,NaN,NaN,NaN,NaN,3.99000000e+00,8.49152394e+02,NaN
"1967Q3",NaN,NaN,NaN,NaN,NaN,NaN,3.89333333e+00,8.50094022e+02,NaN
"1967Q4",NaN,NaN,NaN,NaN,NaN,NaN,4.17333333e+00,8.50845049e+02,NaN
"1968Q1",NaN,NaN,NaN,NaN,NaN,NaN,4.79000000e+00,8.52863805e+02,NaN
"1968Q2",NaN,NaN,NaN,NaN,NaN,NaN,5.98333333e+00,8.54520381e+02,NaN
"1968Q3",NaN,NaN,NaN,NaN,NaN,NaN,5.94666667e+00,8.55291915e+02,NaN
"1968Q4",NaN,NaN,NaN,NaN,NaN,NaN,5.91666667e+00,8.55683920e+02,NaN
"1969Q1",NaN,NaN,NaN,NaN,NaN,NaN,6.56666667e+00,8.57236239e+02,NaN
"1969Q2",NaN,NaN,NaN,NaN,NaN,NaN,8.32666667e+00,8.57539134e+02,NaN
"1969Q3",NaN,NaN,NaN,NaN,NaN,NaN,8.98333333e+00,8.58196918e+02,NaN
"1969Q4",NaN,NaN,NaN,NaN,NaN,NaN,8.94000000e+00,8.57707514e+02,NaN
"1970Q1",NaN,NaN,NaN,NaN,NaN,NaN,8.57333333e+00,8.57558511e+02,NaN
"1970Q2",NaN,NaN,NaN,NaN,NaN,NaN,7.88666667e+00,8.57700129e+02,NaN
"1970Q3",NaN,NaN,NaN,NaN,NaN,NaN,6.70666667e+00,8.58617377e+02,NaN
"1970Q4",NaN,NaN,NaN,NaN,NaN,NaN,5.56666667e+00,8.57540021e+02,NaN
"1971Q1",NaN,NaN,NaN,NaN,NaN,NaN,3.85666667e+00,8.60219938e+02,NaN
"1971Q2",NaN,NaN,NaN,NaN,NaN,NaN,4.56666667e+00,8.60759297e+02,NaN
"1971Q3",NaN,NaN,NaN,NaN,NaN,NaN,5.47666667e+00,8.61578380e+02,NaN
"1971Q4",NaN,NaN,NaN,NaN,NaN,NaN,4.75000000e+00,8.61812970e+02,NaN
"1972Q1",NaN,NaN,NaN,NaN,NaN,NaN,3.54666667e+00,8.63633513e+02,NaN
"1972Q2",NaN,NaN,NaN,NaN,NaN,NaN,4.30000000e+00,8.65877435e+02,NaN
"1972Q3",NaN,NaN,NaN,NaN,NaN,NaN,4.74333333e+00,8.66817096e+02,NaN
"1972Q4",NaN,NaN,NaN,NaN,NaN,NaN,5.14666667e+00,8.68477667e+02,NaN
"1973Q1",NaN,NaN,NaN,NaN,NaN,NaN,6.53666667e+00,8.70922479e+02,NaN
"1973Q2",NaN,NaN,NaN,NaN,NaN,NaN,7.81666667e+00,8.72005338e+02,NaN
"1973Q3",NaN,NaN,NaN,NaN,NaN,NaN,1.05600000e+01,8.71478112e+02,NaN
"1973Q4",NaN,NaN,NaN,NaN,NaN,NaN,9.99666667e+00,8.72422866e+02,NaN
"1974Q1",NaN,NaN,NaN,NaN,NaN,NaN,9.32333333e+00,8.71559444e+02,NaN
"1974Q2",NaN,NaN,NaN,NaN,NaN,NaN,1.12500000e+01,8.71796859e+02,NaN
"1974Q3",NaN,NaN,NaN,NaN,NaN,NaN,1.20900000e+01,8.70847086e+02,NaN
"1974Q4",NaN,NaN,NaN,NaN,NaN,NaN,9.34666667e+00,8.70457924e+02,NaN
"1975Q1",NaN,NaN,NaN,NaN,NaN,NaN,6.30333333e+00,8.69232815e+02,NaN
"1975Q2",NaN,NaN,NaN,NaN,NaN,NaN,5.42000000e+00,8.69944975e+02,NaN
"1975Q3",NaN,NaN,NaN,NaN,NaN,NaN,6.16000000e+00,8.71642529e+02,NaN
"1975Q4",NaN,NaN,NaN,NaN,NaN,NaN,5.41333333e+00,8.72980629e+02,NaN
"1976Q1",NaN,NaN,NaN,NaN,NaN,NaN,4.82666667e+00,8.75205169e+02,NaN
"1976Q2",NaN,NaN,NaN,NaN,NaN,NaN,5.19666667e+00,8.75935867e+02,NaN
"1976Q3",NaN,NaN,NaN,NaN,NaN,NaN,5.28333333e+00,8.76481782e+02,NaN
"1976Q4",NaN,NaN,NaN,NaN,NaN,NaN,4.87333333e+00,8.77201787e+02,NaN
"1977Q1",NaN,NaN,NaN,NaN,NaN,NaN,4.66000000e+00,8.78381040e+02,NaN
"1977Q2",NaN,NaN,NaN,NaN,NaN,NaN,5.15666667e+00,8.80304349e+02,NaN
"1977Q3",NaN,NaN,NaN,NaN,NaN,NaN,5.82000000e+00,8.82091449e+02,NaN
"1977Q4",NaN,NaN,NaN,NaN,NaN,NaN,6.51333333e+00,8.82093442e+02,NaN
"1978Q1",NaN,NaN,NaN,NaN,NaN,NaN,6.75666667e+00,8.82412774e+02,NaN
"1978Q2",NaN,NaN,NaN,NaN,NaN,NaN,7.28333333e+00,8.86204734e+02,NaN
"1978Q3",NaN,NaN,NaN,NaN,NaN,NaN,8.10000000e+00,8.87205459e+02,NaN
"1978Q4",NaN,NaN,NaN,NaN,NaN,NaN,9.58333333e+00,8.88540631e+02,NaN
"1979Q1",NaN,NaN,NaN,NaN,NaN,NaN,1.00733333e+01,8.88720064e+02,NaN
"1979Q2",NaN,NaN,NaN,NaN,NaN,NaN,1.01800000e+01,8.88826752e+02,NaN
"1979Q3",NaN,NaN,NaN,NaN,NaN,NaN,1.09466667e+01,8.89566812e+02,NaN
"1979Q4",NaN,NaN,NaN,NaN,NaN,NaN,1.35766667e+01,8.89816545e+02,NaN
"1980Q1",NaN,NaN,NaN,NaN,NaN,NaN,1.50466667e+01,8.90130622e+02,NaN
"1980Q2",NaN,NaN,NaN,NaN,NaN,NaN,1.26866667e+01,8.88048664e+02,NaN
"1980Q3",NaN,NaN,NaN,NaN,NaN,NaN,9.83666667e+00,8.87929739e+02,NaN
"1980Q4",NaN,NaN,NaN,NaN,NaN,NaN,1.58533333e+01,8.89777486e+02,NaN
"1981Q1",NaN,NaN,NaN,NaN,NaN,NaN,1.65700000e+01,8.91717959e+02,NaN
"1981Q2",NaN,NaN,NaN,NaN,NaN,NaN,1.77800000e+01,8.90974123e+02,NaN
"1981Q3",NaN,NaN,NaN,NaN,NaN,NaN,1.75766667e+01,8.92164512e+02,NaN
"1981Q4",NaN,NaN,NaN,NaN,NaN,NaN,1.35866667e+01,8.91068936e+02,NaN
"1982Q1",NaN,NaN,NaN,NaN,NaN,NaN,1.42266667e+01,8.89503095e+02,NaN
"1982Q2",NaN,NaN,NaN,NaN,NaN,NaN,1.45133333e+01,8.89958235e+02,NaN
"1982Q3",NaN,NaN,NaN,NaN,NaN,NaN,1.10066667e+01,8.89575236e+02,NaN
"1982Q4",NaN,NaN,NaN,NaN,NaN,NaN,9.28666667e+00,8.89615237e+02,NaN
"1983Q1",NaN,NaN,NaN,NaN,NaN,NaN,8.65333333e+00,8.90924420e+02,NaN
"1983Q2",NaN,NaN,NaN,NaN,NaN,NaN,8.80333333e+00,8.93174436e+02,NaN
"1983Q3",NaN,NaN,NaN,NaN,NaN,NaN,9.46000000e+00,8.95153674e+02,NaN
"1983Q4",NaN,NaN,NaN,NaN,NaN,NaN,9.43000000e+00,8.97218394e+02,NaN
"1984Q1",NaN,NaN,NaN,NaN,NaN,NaN,9.68666667e+00,8.99154324e+02,NaN
"1984Q2",NaN,NaN,NaN,NaN,NaN,NaN,1.05566667e+01,9.00867329e+02,NaN
"1984Q3",NaN,NaN,NaN,NaN,NaN,NaN,1.13900000e+01,9.01826722e+02,NaN
"1984Q4",NaN,NaN,NaN,NaN,NaN,NaN,9.26666667e+00,9.02644145e+02,NaN
"1985Q1",NaN,NaN,NaN,NaN,NaN,NaN,8.47666667e+00,9.03608460e+02,NaN
"1985Q2",NaN,NaN,NaN,NaN,NaN,NaN,7.92333333e+00,9.04485080e+02,NaN
"1985Q3",NaN,NaN,NaN,NaN,NaN,NaN,7.90000000e+00,9.06000806e+02,NaN
"1985Q4",NaN,NaN,NaN,NaN,NaN,NaN,8.10333333e+00,9.06741505e+02,NaN
"1986Q1",NaN,NaN,NaN,NaN,NaN,NaN,7.82666667e+00,9.07670920e+02,NaN
"1986Q2",NaN,NaN,NaN,NaN,NaN,NaN,6.92000000e+00,9.08120206e+02,NaN
"1986Q3",NaN,NaN,NaN,NaN,NaN,NaN,6.20666667e+00,9.09072327e+02,NaN
"1986Q4",NaN,NaN,NaN,NaN,NaN,NaN,6.26666667e+00,9.09607286e+02,NaN
"1987Q1",NaN,NaN,NaN,NaN,NaN,NaN,6.22000000e+00,9.10346393e+02,NaN
"1987Q2",NaN,NaN,NaN,NaN,NaN,NaN,6.65000000e+00,9.11418800e+02,NaN
"1987Q3",NaN,NaN,NaN,NaN,NaN,NaN,6.84333333e+00,9.12282239e+02,NaN
"1987Q4",NaN,NaN,NaN,NaN,NaN,NaN,6.91666667e+00,9.13984623e+02,NaN
"1988Q1",NaN,NaN,NaN,NaN,NaN,NaN,6.66333333e+00,9.14500174e+02,NaN
"1988Q2",NaN,NaN,NaN,NaN,NaN,NaN,7.15666667e+00,9.15805648e+02,NaN
"1988Q3",NaN,NaN,NaN,NaN,NaN,NaN,7.98333333e+00,9.16389908e+02,NaN
"1988Q4",NaN,NaN,NaN,NaN,NaN,NaN,8.47000000e+00,9.17713565e+02,NaN
"1989Q1",NaN,NaN,NaN,NaN,NaN,NaN,9.44333333e+00,9.18724829e+02,NaN
"1989Q2",NaN,NaN,NaN,NaN,NaN,NaN,9.72666667e+00,9.19485032e+02,NaN
"1989Q3",NaN,NaN,NaN,NaN,NaN,NaN,9.08333333e+00,9.20223037e+02,NaN
"1989Q4",NaN,NaN,NaN,NaN,NaN,NaN,8.61333333e+00,9.20419825e+02,NaN
"1990Q1",NaN,NaN,NaN,NaN,NaN,NaN,8.25000000e+00,9.21506778e+02,NaN
"1990Q2",NaN,NaN,NaN,NaN,NaN,NaN,8.24333333e+00,9.21869091e+02,NaN
"1990Q3",NaN,NaN,NaN,NaN,NaN,NaN,8.16000000e+00,9.21935650e+02,NaN
"1990Q4",NaN,NaN,NaN,NaN,NaN,NaN,7.74333333e+00,9.21021076e+02,NaN
"1991Q1",NaN,NaN,NaN,NaN,NaN,NaN,6.42666667e+00,9.20552037e+02,NaN
"1991Q2",NaN,NaN,NaN,NaN,NaN,NaN,5.86333333e+00,9.21328703e+02,NaN
"1991Q3",NaN,NaN,NaN,NaN,NaN,NaN,5.64333333e+00,9.21832789e+02,NaN
"1991Q4",NaN,NaN,NaN,NaN,NaN,NaN,4.81666667e+00,9.22180728e+02,NaN
"1992Q1",NaN,NaN,NaN,NaN,NaN,NaN,4.02333333e+00,9.23370869e+02,NaN
"1992Q2",NaN,NaN,NaN,NaN,NaN,NaN,3.77000000e+00,9.24449336e+02,NaN
"1992Q3",NaN,NaN,NaN,NaN,NaN,NaN,3.25666667e+00,9.25432597e+02,NaN
"1992Q4",NaN,NaN,NaN,NaN,NaN,NaN,3.03666667e+00,9.26470052e+02,NaN
"1993Q1",NaN,NaN,NaN,NaN,NaN,NaN,3.04000000e+00,9.26636856e+02,NaN
"1993Q2",NaN,NaN,NaN,NaN,NaN,NaN,3.00000000e+00,9.27217339e+02,NaN
"1993Q3",NaN,NaN,NaN,NaN,NaN,NaN,3.06000000e+00,9.27693359e+02,NaN
"1993Q4",NaN,NaN,NaN,NaN,NaN,NaN,2.99000000e+00,9.29044342e+02,NaN
"1994Q1",NaN,NaN,NaN,NaN,NaN,NaN,3.21333333e+00,9.30010027e+02,NaN
"1994Q2",NaN,NaN,NaN,NaN,NaN,NaN,3.94000000e+00,9.31356109e+02,NaN
"1994Q3",NaN,NaN,NaN,NaN,NaN,NaN,4.48666667e+00,9.31938991e+02,NaN
"1994Q4",NaN,NaN,NaN,NaN,NaN,NaN,5.16666667e+00,9.33078050e+02,NaN
"1995Q1",NaN,NaN,NaN,NaN,NaN,NaN,5.81000000e+00,9.33432202e+02,NaN
"1995Q2",NaN,NaN,NaN,NaN,NaN,NaN,6.02000000e+00,9.33730081e+02,NaN
"1995Q3",NaN,NaN,NaN,NaN,NaN,NaN,5.79666667e+00,9.34577208e+02,NaN
"1995Q4",NaN,NaN,NaN,NaN,NaN,NaN,5.72000000e+00,9.35253995e+02,NaN
"1996Q1",NaN,NaN,NaN,NaN,NaN,NaN,5.36333333e+00,9.36000254e+02,NaN
"1996Q2",NaN,NaN,NaN,NaN,NaN,NaN,5.24333333e+00,9.37654440e+02,NaN
"1996Q3",NaN,NaN,NaN,NaN,NaN,NaN,5.30666667e+00,9.38547475e+02,NaN
"1996Q4",NaN,NaN,NaN,NaN,NaN,NaN,5.28000000e+00,9.39580490e+02,NaN
"1997Q1",NaN,NaN,NaN,NaN,NaN,NaN,5.27666667e+00,9.40223859e+02,NaN
"1997Q2",NaN,NaN,NaN,NaN,NaN,NaN,5.52333333e+00,9.41875364e+02,NaN
"1997Q3",NaN,NaN,NaN,NaN,NaN,NaN,5.53333333e+00,9.43116203e+02,NaN
"1997Q4",NaN,NaN,NaN,NaN,NaN,NaN,5.50666667e+00,9.43966438e+02,NaN
"1998Q1",NaN,NaN,NaN,NaN,NaN,NaN,5.52000000e+00,9.44965187e+02,NaN
"1998Q2",NaN,NaN,NaN,NaN,NaN,NaN,5.50000000e+00,9.45886617e+02,NaN
"1998Q3",NaN,NaN,NaN,NaN,NaN,NaN,5.53333333e+00,9.47137699e+02,NaN
"1998Q4",NaN,NaN,NaN,NaN,NaN,NaN,4.86000000e+00,9.48734085e+02,NaN
"1999Q1",NaN,NaN,NaN,NaN,NaN,NaN,4.73333333e+00,9.49669133e+02,NaN
"1999Q2",NaN,NaN,NaN,NaN,NaN,NaN,4.74666667e+00,9.50500412e+02,NaN
"1999Q3",NaN,NaN,NaN,NaN,NaN,NaN,5.09333333e+00,9.51817582e+02,NaN
"1999Q4",NaN,NaN,NaN,NaN,NaN,NaN,5.30666667e+00,9.53444935e+02,NaN
"2000Q1",NaN,NaN,NaN,NaN,4.59841747e+02,NaN,5.67666667e+00,9.53807072e+02,NaN
"2000Q2",NaN,NaN,NaN,NaN,4.60073696e+02,NaN,6.27333333e+00,9.55611973e+02,NaN
"2000Q3",NaN,NaN,NaN,NaN,4.60968342e+02,NaN,6.52000000e+00,9.55713854e+02,NaN
"2000Q4",NaN,NaN,NaN,NaN,4.61173302e+02,NaN,6.47333333e+00,9.56309118e+02,NaN
"2001Q1",4.62939038e+02,2.04724858e+02,9.37461937e+02,3.97163435e+02,4.60336091e+02,5.78666667e+00,5.59333333e+00,9.55980780e+02,1.11571159e+03
"2001Q2",4.64814469e+02,2.05069558e+02,9.38305162e+02,3.98635929e+02,4.59093148e+02,4.81666667e+00,4.32666667e+00,9.56603341e+02,1.11050941e+03
"2001Q3",4.67240159e+02,2.06260306e+02,9.40249462e+02,4.01026282e+02,4.57739098e+02,4.76333333e+00,3.49666667e+00,9.56201897e+02,1.11021623e+03
"2001Q4",4.69775134e+02,2.08563958e+02,9.47109000e+02,4.03055494e+02,4.55181579e+02,4.64000000e+00,2.13333333e+00,9.56476296e+02,1.11719312e+03
"2002Q1",4.73403170e+02,2.07399316e+02,9.52171653e+02,4.05776831e+02,4.54709336e+02,4.67000000e+00,1.73333333e+00,9.57309177e+02,1.11865760e+03
"2002Q2",4.75250562e+02,2.06220179e+02,9.51412042e+02,4.07468890e+02,4.56287073e+02,4.42000000e+00,1.75000000e+00,9.57920014e+02,1.11547666e+03
"2002Q3",4.76541540e+02,2.05453770e+02,9.50277295e+02,4.08696618e+02,4.56927301e+02,4.49000000e+00,1.74000000e+00,9.58325701e+02,1.11606138e+03
"2002Q4",4.77782925e+02,2.03642589e+02,9.61089463e+02,4.09282079e+02,4.57096036e+02,4.03000000e+00,1.44333333e+00,9.58449230e+02,1.12018260e+03
"2003Q1",4.80094207e+02,2.06007134e+02,9.60664253e+02,4.11595889e+02,4.59183969e+02,2.19000000e+00,1.25000000e+00,9.58974490e+02,1.12311101e+03
"2003Q2",4.81638348e+02,2.06812725e+02,9.63431598e+02,4.12816392e+02,4.57913746e+02,9.30000000e-01,1.24666667e+00,9.59856213e+02,1.11780414e+03
"2003Q3",4.82730909e+02,2.07190694e+02,9.62440352e+02,4.13667308e+02,4.58282998e+02,1.44333333e+00,1.01666667e+00,9.61505733e+02,1.11828994e+03
"2003Q4",4.83634168e+02,2.08814682e+02,9.69654033e+02,4.14960103e+02,4.58859228e+02,1.83333333e+00,9.96666667e-01,9.62659770e+02,1.12148118e+03
"2004Q1",4.85929578e+02,2.09227533e+02,9.69718342e+02,4.17749593e+02,4.61155671e+02,1.87666667e+00,1.00333333e+00,9.63224822e+02,1.12474966e+03
"2004Q2",4.87444408e+02,2.07817459e+02,9.69845574e+02,4.19682764e+02,4.62792739e+02,2.09333333e+00,1.01000000e+00,9.63996787e+02,1.12051563e+03
"2004Q3",4.88905971e+02,2.06728443e+02,9.70546809e+02,4.21158562e+02,4.63900576e+02,2.40333333e+00,1.43333333e+00,9.64940910e+02,1.12118258e+03
"2004Q4",4.90644937e+02,2.05326300e+02,9.77225150e+02,4.23604422e+02,4.65315664e+02,2.39333333e+00,1.95000000e+00,9.65955949e+02,1.12593253e+03
"2005Q1",4.93456760e+02,2.04119102e+02,9.79099541e+02,4.26318906e+02,4.66283967e+02,2.63666667e+00,2.47000000e+00,9.67059204e+02,1.12805393e+03
"2005Q2",4.95018004e+02,2.02858598e+02,9.81871287e+02,4.28056046e+02,4.68127321e+02,2.85984849e+00,2.94333333e+00,9.67550619e+02,1.12535004e+03
"2005Q3",4.96347909e+02,2.02814652e+02,9.82926917e+02,4.30118643e+02,4.70264720e+02,3.33670557e+00,3.46000000e+00,9.68331377e+02,1.12354617e+03
"2005Q4",4.98108273e+02,2.03251530e+02,9.89741803e+02,4.32556853e+02,4.71008260e+02,3.90151515e+00,3.98000000e+00,9.68885357e+02,1.12754751e+03
"2006Q1",5.00404844e+02,2.03033864e+02,9.95526333e+02,4.33589909e+02,4.71330988e+02,4.25000000e+00,4.45666667e+00,9.70221771e+02,1.13285217e+03
"2006Q2",5.01740736e+02,2.02726932e+02,9.99067612e+02,4.35334549e+02,4.73901894e+02,4.45151515e+00,4.90666667e+00,9.70480189e+02,1.12822461e+03
"2006Q3",5.02820344e+02,2.02682986e+02,1.00046113e+03,4.36486371e+02,4.75063840e+02,4.92857143e+00,5.24666667e+00,9.70630033e+02,1.12995008e+03
"2006Q4",5.03825179e+02,2.02902486e+02,1.00996415e+03,4.37129538e+02,4.73016084e+02,5.00000000e+00,5.24666667e+00,9.71485810e+02,1.13509617e+03
"2007Q1",5.06017660e+02,2.03992022e+02,1.01389362e+03,4.40002717e+02,4.73902238e+02,5.00757576e+00,5.25666667e+00,9.71786194e+02,1.13889687e+03
"2007Q2",5.07501374e+02,2.03600971e+02,1.01444289e+03,4.40902183e+02,4.76751819e+02,5.42857143e+00,5.25000000e+00,9.72396093e+02,1.13530677e+03
"2007Q3",5.08939050e+02,2.03861729e+02,1.01791521e+03,4.42664796e+02,4.78526471e+02,5.50833333e+00,5.07333333e+00,9.72970466e+02,1.13561336e+03
"2007Q4",5.10619615e+02,2.03643327e+02,1.02015014e+03,4.45314522e+02,4.81657939e+02,6.01569264e+00,4.49666667e+00,9.73596737e+02,1.13985803e+03
"2008Q1",5.13668763e+02,2.03947743e+02,1.02048301e+03,4.48390623e+02,4.84979566e+02,6.51190476e+00,3.17666667e+00,9.73169060e+02,1.14178409e+03
"2008Q2",5.16218801e+02,2.01310561e+02,1.01784975e+03,4.52277980e+02,4.90952630e+02,6.75000000e+00,2.08666667e+00,9.73762722e+02,1.14091759e+03
"2008Q3",5.18662650e+02,2.00641890e+02,1.01992091e+03,4.55353159e+02,4.91873607e+02,7.12681159e+00,1.94000000e+00,9.73236080e+02,1.13872749e+03
"2008Q4",5.20318245e+02,2.03160361e+02,1.02257571e+03,4.55794005e+02,4.79038975e+02,7.25000000e+00,5.06666667e-01,9.71022739e+02,1.14267018e+03
"2009Q1",5.21654913e+02,2.07478347e+02,1.02067395e+03,4.54643785e+02,4.73848203e+02,6.87727273e+00,1.83333333e-01,9.69881376e+02,1.14166326e+03
"2009Q2",5.22342422e+02,2.09268457e+02,1.02548527e+03,4.54425391e+02,4.76265998e+02,5.80303030e+00,1.80000000e-01,9.69702565e+02,1.13995989e+03
"2009Q3",5.23157907e+02,2.11059300e+02,1.02718022e+03,4.55018290e+02,4.78391874e+02,4.86429512e+00,1.56666667e-01,9.70053142e+02,1.14010337e+03
"2009Q4",5.23920234e+02,2.11946017e+02,1.03141000e+03,4.55278502e+02,4.80299731e+02,4.50000000e+00,1.20000000e-01,9.71128256e+02,1.14485779e+03
"2010Q1",5.25207466e+02,2.10153674e+02,1.03337777e+03,4.57221149e+02,4.82080646e+02,4.50000000e+00,1.33333333e-01,9.71611587e+02,1.14463700e+03
"2010Q2",5.26263457e+02,2.08027435e+02,1.03245866e+03,4.58135318e+02,4.82886326e+02,4.50000000e+00,1.93333333e-01,9.72574522e+02,1.14304185e+03
"2010Q3",5.27156761e+02,2.08400702e+02,1.03412125e+03,4.58931068e+02,4.82474272e+02,4.50000000e+00,1.86666667e-01,9.73342649e+02,1.14189136e+03
"2010Q4",5.28034115e+02,2.08109784e+02,1.03871161e+03,4.60205797e+02,4.85233801e+02,4.50000000e+00,1.86666667e-01,9.73866385e+02,1.14805262e+03
"2011Q1",5.29566243e+02,2.05787725e+02,1.04362698e+03,4.62141377e+02,4.89767673e+02,4.50000000e+00,1.56666667e-01,9.73628898e+02,1.14854381e+03
"2011Q2",5.31125507e+02,2.03987812e+02,1.04385147e+03,4.64142911e+02,4.93814731e+02,4.75000000e+00,9.33333333e-02,9.74303202e+02,1.14744653e+03
"2011Q3",5.32472032e+02,2.05581946e+02,1.04245313e+03,4.65981262e+02,4.93554523e+02,4.91666667e+00,8.33333333e-02,9.74280887e+02,1.14746804e+03
"2011Q4",5.33556722e+02,2.05668074e+02,1.04660516e+03,4.66315446e+02,4.92865879e+02,5.50000000e+00,7.33333333e-02,9.75397677e+02,1.15161094e+03
"2012Q1",5.34675926e+02,2.05069005e+02,1.04920403e+03,4.67067125e+02,4.93521922e+02,5.50000000e+00,1.03333333e-01,9.76232771e+02,1.15228897e+03
"2012Q2",5.35852441e+02,2.05282385e+02,1.04776254e+03,4.67950380e+02,4.93021378e+02,5.50000000e+00,1.53333333e-01,9.76678112e+02,1.15009177e+03
"2012Q3",5.37120616e+02,2.06598362e+02,1.04808090e+03,4.68889107e+02,4.91989687e+02,5.00000000e+00,1.43333333e-01,9.76822037e+02,1.14994572e+03
"2012Q4",5.38268798e+02,2.06432737e+02,1.05628858e+03,4.69564737e+02,4.92619673e+02,5.00000000e+00,1.60000000e-01,9.76937611e+02,1.15510812e+03
"2013Q1",5.39534980e+02,2.05965454e+02,1.05741630e+03,4.71110642e+02,4.93061523e+02,5.00000000e+00,1.43333333e-01,9.77919337e+02,1.15517580e+03
"2013Q2",5.40572918e+02,2.05454972e+02,1.05855720e+03,4.72253139e+02,4.92087716e+02,5.25000000e+00,1.16666667e-01,9.78186615e+02,1.15444398e+03
"2013Q3",5.41336277e+02,2.06473132e+02,1.05800543e+03,4.73247647e+02,4.91857721e+02,5.25000000e+00,8.33333333e-02,9.79034405e+02,1.15363686e+03
"2013Q4",5.42070203e+02,2.06769279e+02,1.06210762e+03,4.73861763e+02,4.91151006e+02,5.00000000e+00,8.66666667e-02,9.79902369e+02,1.15791808e+03
"2014Q1",5.42840146e+02,2.05153491e+02,1.05759359e+03,4.74675504e+02,4.92268370e+02,5.00000000e+00,7.33333333e-02,9.79556676e+02,1.15925706e+03
"2014Q2",5.43648885e+02,2.04897515e+02,1.06146650e+03,4.75410225e+02,4.92367229e+02,4.75000000e+00,9.33333333e-02,9.80840245e+02,1.15866413e+03
"2014Q3",5.44327493e+02,2.04982983e+02,1.06315606e+03,4.76708841e+02,4.91556185e+02,4.50000000e+00,9.00000000e-02,9.82048310e+02,1.15785492e+03
"2014Q4",5.44931133e+02,2.03208613e+02,1.06702204e+03,4.77127735e+02,4.88049408e+02,4.33333333e+00,1.00000000e-01,9.82552769e+02,1.16277205e+03
"2015Q1",5.45599545e+02,2.03339703e+02,1.07107768e+03,4.77042802e+02,4.83425702e+02,3.83333333e+00,1.10000000e-01,9.83449223e+02,1.16382077e+03
"2015Q2",5.46402015e+02,2.03818240e+02,1.07560149e+03,4.77884054e+02,4.83462673e+02,3.50000000e+00,1.23333333e-01,9.84066718e+02,1.16174423e+03
"2015Q3",5.47152667e+02,2.03645221e+02,1.07587343e+03,4.78740837e+02,4.81575685e+02,3.25000000e+00,1.36666667e-01,9.84466164e+02,1.16265631e+03
"2015Q4",5.47792236e+02,2.03447894e+02,1.08023493e+03,4.79696767e+02,4.79323255e+02,3.00000000e+00,1.60000000e-01,9.84650474e+02,1.16637966e+03
"2016Q1",5.48423620e+02,2.03808205e+02,1.08045597e+03,4.81256226e+02,4.76940673e+02,3.00000000e+00,3.60000000e-01,9.85228320e+02,1.16548317e+03
"2016Q2",5.49075218e+02,2.03812773e+02,1.08396586e+03,4.82086600e+02,4.78547757e+02,3.00000000e+00,3.73333333e-01,9.85548930e+02,1.16537913e+03
"2016Q3",5.49675049e+02,2.02218364e+02,1.08498229e+03,4.83275676e+02,4.79254536e+02,3.00000000e+00,3.96666667e-01,9.86255816e+02,1.16470482e+03
"2016Q4",5.50280132e+02,2.01521565e+02,1.09002507e+03,4.84150463e+02,4.79711720e+02,3.00000000e+00,4.50000000e-01,9.86808584e+02,1.16958993e+03
"2017Q1",5.51001251e+02,2.00560588e+02,1.09220422e+03,4.85108951e+02,4.80622647e+02,3.00000000e+00,7.00000000e-01,9.87294293e+02,1.17009038e+03
"2017Q2",5.51521991e+02,1.99336931e+02,1.09531356e+03,4.86132359e+02,4.80687679e+02,3.00000000e+00,9.50000000e-01,9.87852604e+02,1.16783577e+03
"2017Q3",5.51965869e+02,1.98711419e+02,1.09568726e+03,4.87930487e+02,4.81216828e+02,3.00000000e+00,1.15333333e+00,9.88638036e+02,1.16776435e+03
"2017Q4",5.52544217e+02,1.99320619e+02,1.10073598e+03,4.88891763e+02,4.82634847e+02,2.83333333e+00,1.20333333e+00,9.89758778e+02,1.17162232e+03
"2018Q1",5.53169822e+02,1.99678010e+02,1.10275354e+03,4.89352650e+02,4.83884236e+02,2.75000000e+00,1.44666667e+00,9.90568898e+02,1.17272995e+03
"2018Q2",5.53796891e+02,2.00722669e+02,1.10121142e+03,4.89989326e+02,4.84990468e+02,2.75000000e+00,1.73666667e+00,9.91098319e+02,1.17201488e+03
"2018Q3",5.54518460e+02,2.02104415e+02,1.10165724e+03,4.91374822e+02,4.84905868e+02,2.75000000e+00,1.92333333e+00,9.91720079e+02,1.17120437e+03
"2018Q4",5.55034510e+02,2.04359598e+02,1.10798326e+03,4.92102590e+02,4.84060855e+02,2.75000000e+00,2.22000000e+00,9.91861623e+02,1.17478149e+03
"2019Q1",5.55458161e+02,2.04370097e+02,1.10913839e+03,4.93509708e+02,4.83517318e+02,2.75000000e+00,2.40333333e+00,9.92403255e+02,1.17640784e+03
"2019Q2",5.56092622e+02,2.03761237e+02,1.11150361e+03,4.94578970e+02,4.84036559e+02,2.75000000e+00,2.39666667e+00,9.93229500e+02,1.17572703e+03
"2019Q3",5.56589541e+02,2.03916697e+02,1.11451378e+03,4.94386019e+02,4.83094088e+02,2.75000000e+00,2.19000000e+00,9.94355315e+02,1.17516869e+03
"2019Q4",5.57057631e+02,2.04362966e+02,1.12095858e+03,4.94893987e+02,4.82726466e+02,2.75000000e+00,1.64333333e+00,9.94994586e+02,1.17917202e+03
"2020Q1",5.57563406e+02,2.03820946e+02,1.12121947e+03,4.95093024e+02,4.81876667e+02,2.75000000e+00,1.26000000e+00,9.93622349e+02,1.17716475e+03
"2020Q2",5.57995168e+02,2.04136791e+02,1.12768625e+03,4.96582204e+02,4.78024038e+02,2.00000000e+00,6.00000000e-02,9.85402574e+02,1.16627934e+03
"2020Q3",5.58512942e+02,2.04373730e+02,1.13369382e+03,4.98314717e+02,4.80918687e+02,1.75000000e+00,9.33333333e-02,9.92875488e+02,1.17376955e+03
"2020Q4",5.59107936e+02,2.05290247e+02,1.14185320e+03,4.99972826e+02,4.81948851e+02,1.75000000e+00,9.00000000e-02,9.93905390e+02,1.18146362e+03
"2021Q1",5.59910721e+02,2.04793359e+02,1.14241247e+03,5.00628903e+02,4.86165734e+02,1.75000000e+00,8.00000000e-02,9.95182719e+02,1.18154374e+03
"2021Q2",5.60631304e+02,2.04424570e+02,1.14358589e+03,5.01232176e+02,4.90307829e+02,1.75000000e+00,7.00000000e-02,9.96691033e+02,1.18060084e+03
"2021Q3",5.61361305e+02,2.04620062e+02,1.14541659e+03,5.01948347e+02,4.92239020e+02,1.75000000e+00,9.00000000e-02,9.97502107e+02,1.18163203e+03
"2021Q4",5.62580278e+02,2.04503375e+02,1.15361753e+03,5.02899513e+02,4.94263878e+02,1.75000000e+00,8.00000000e-02,9.99184645e+02,1.18621145e+03
"2022Q1",5.64310075e+02,2.04102366e+02,1.15366100e+03,5.03912445e+02,4.98744507e+02,1.75000000e+00,1.20000000e-01,9.98685723e+02,1.18619885e+03
"2022Q2",5.66861572e+02,2.03982069e+02,1.15684967e+03,5.07049845e+02,5.03385262e+02,2.00000000e+00,7.70000000e-01,9.98544351e+02,1.18496101e+03
"2022Q3",5.69384376e+02,2.04859625e+02,1.15844422e+03,5.10340773e+02,5.00706388e+02,2.66666667e+00,2.19000000e+00,9.99200810e+02,1.18534271e+03
"2022Q4",5.71456323e+02,2.06039100e+02,1.16471438e+03,5.11855195e+02,4.98525330e+02,3.50000000e+00,3.65333333e+00,9.99834222e+02,1.18965420e+03
"2023Q1",5.72958592e+02,2.05777230e+02,1.16580592e+03,5.12933757e+02,4.97310506e+02,4.41666667e+00,4.51666667e+00,1.00038906e+03,1.18997499e+03
"2023Q2",5.74179561e+02,2.05612359e+02,1.16892470e+03,5.13426663e+02,4.96192199e+02,4.91666667e+00,4.99000000e+00,1.00089888e+03,1.18879876e+03
"2023Q3",5.75401732e+02,2.06165907e+02,1.16932245e+03,5.14804461e+02,4.96412230e+02,5.00000000e+00,5.26000000e+00,1.00208568e+03,1.18901022e+03
"2023Q4",5.76679364e+02,2.05814313e+02,1.17536134e+03,5.16243624e+02,4.95631451e+02,NaN,5.33000000e+00,1.00287530e+03,NaN