"Variables ->","ln_y_star","ln_y_star_sm","ln_ipei","ln_cpi_nosub","ln_y","ln_y_sm","ln_cpi_sub","ln_s","ln_bm","ln_cpi","ln_z","ln_v","ln_ipei_q","d4_ln_y_star","d4_ln_y_star_sm","d4_ln_ipei","i_star","d4_ln_cpi_nosub","d4_ln_y","d4_ln_y_sm","d4_ln_cpi_sub","d4_ln_s","d4_ln_bm","i","d4_ln_cpi","d4_ln_z","d4_ln_v","r","d4_ln_ipei_q","dla_ipei","dla_z","dla_s","dla_cpi_nosub","dla_cpi_sub","dla_cpi","dla_bm","dla_v","dla_ipei_q","s_d4_ln_y_star","s_d4_ln_ipei","s_i_star","s_d4_ln_cpi_nosub","s_d4_ln_y","s_d4_ln_cpi_sub","s_d4_ln_s","s_d4_ln_bm","s_i"
"Comments ->","Producto Interno Bruto Real EEUU (Logaritmo)","Producto Interno Bruto Real EEUU, Suma movil de 4 trimestres (Logaritmo)","Índice de Precios de transables (Logaritmo)","Indice Inflación No subyacente (Logaritmo)","Producto Interno Bruto Real Guatemala (Logaritmo)","Producto Interno Bruto Real Guatemala, Suma movil de 4 trimestres (Logaritmo)","Indice Inflación Subyacente Optima MSE (Logaritmo)","Tipo de Cambio Nominal (Logaritmo)","Base Monetaria (Logaritmo)","Indice de Precios al Consumidor (Logaritmo)","Indice Tipo de Cambio Real (Logaritmo)","Velocidad de circulacion de la Base Monetaria(Logaritmo)","Índice de Precios de Transables GTQ (Logaritmo)","Tasa de Variación Interanual del PIB de EEUU","Tasa de Variación Interanual de la suma de 4 Trimestres del PIB de EEUU","Tasa de Variación Interanual del Índice de Precios de Transables","Tasa de Interes de fondos federales","Inflacion No Subyacente Interanual","Tasa de Variación Interanual del PIB de Guatemala","Tasa de Variación Interanual de la suma de 4 Trimestres del PIB de Guatemala","Inflación Subyacente Optima MSE Interanual","Tasa de Variación Interanual del Tipo de Cambio Nominal","Tasa de Variación Interanual de la Base Monetaria","Tasa de Interes Lider de Politica Monetaria","Inflacion Total Internual","Tasa de Variación Interanual del Tipo de Cambio Real","Tasa de Variación Interanual de la Velocidad de circulacion de la Base Monetaria","Tasa de interes real de Politica Monetaria","Tasa de Variación Interanual del Índice de Precios de Transables en GTQ","Tasa de Variación Intertrimestral Anualizada del Índice de Precios de Transables","Tasa de Variación Intertrimestral Anualizada del Tipo de Cambio Real","Tasa de Variación Intertrimestral Anualizada del Tipo de Cambio Nominal","Inflacion No Subyacente Intertrimestral Anualizada","Inflacion Subyacente Optima MSE Intertrimestral Anualizada","Inflacion Total Intertrimestral Anualizada","Tasa de Variación Intertrimestral Anualizada de la Base Monetaria","Tasa de Variación Intertrimestral Anualizada de la Velocidad de circulacion de la Base Monetaria","Tasa de Variación Intertrimestral Anualizada del Índice de Precios de Transables en GTQ","Shock de crecimiento externo","Shock de precios de transables","Shock de tasa de interes externa","Choque de inflacion no subyacente","Choque de demanda agregada","Choque de inflacion subyacente","Choque cambiario nominal","Choque monetario","Choque de Politica Monetaria"
"Class[Size] ->","tseries[111-by-1]","tseries[111-by-1]","tseries[111-by-1]","tseries[111-by-1]","tseries[111-by-1]","tseries[111-by-1]","tseries[111-by-1]","tseries[111-by-1]","tseries[111-by-1]","tseries[111-by-1]","tseries[111-by-1]","tseries[111-by-1]","tseries[111-by-1]","tseries[111-by-1]","tseries[111-by-1]","tseries[111-by-1]","tseries[111-by-1]","tseries[111-by-1]","tseries[111-by-1]","tseries[111-by-1]","tseries[111-by-1]","tseries[111-by-1]","tseries[111-by-1]","tseries[111-by-1]","tseries[111-by-1]","tseries[111-by-1]","tseries[111-by-1]","tseries[111-by-1]","tseries[111-by-1]","tseries[111-by-1]","tseries[111-by-1]","tseries[111-by-1]","tseries[111-by-1]","tseries[111-by-1]","tseries[111-by-1]","tseries[111-by-1]","tseries[111-by-1]","tseries[111-by-1]","tseries[111-by-1]","tseries[111-by-1]","tseries[111-by-1]","tseries[111-by-1]","tseries[111-by-1]","tseries[111-by-1]","tseries[111-by-1]","tseries[111-by-1]","tseries[111-by-1]"
".endhist","2024Q1","2024Q1","2024Q1","2024Q1","2024Q1","2024Q1","2024Q1","2024Q1","2024Q1","2024Q1","2024Q1","2024Q1","2024Q1","2024Q1","2024Q1","2024Q1","2024Q1","2024Q1","2024Q1","2024Q1","2024Q1","2024Q1","2024Q1","2024Q1","2024Q1","2024Q1","2024Q1","2024Q1","2024Q1","2024Q1","2024Q1","2024Q1","2024Q1","2024Q1","2024Q1","2024Q1","2024Q1","2024Q1","2024Q1","2024Q1","2024Q1","2024Q1","2024Q1","2024Q1","2024Q1","2024Q1","2024Q1"
"2004Q1",964.29172,3851.49637,461.53496,-0.08130,1120.55348,4471.63068,488.26366,203.21529,966.28154,365.81511,0.20304,NaN,664.75025,NaN,NaN,NaN,NaN,NaN,NaN,NaN,NaN,NaN,NaN,NaN,NaN,NaN,NaN,NaN,NaN,NaN,NaN,NaN,NaN,NaN,NaN,NaN,NaN,NaN,NaN,NaN,NaN,NaN,NaN,NaN,NaN,NaN,NaN
"2004Q2",964.79700,3854.09691,462.27062,-0.00000,1122.55922,4476.12560,489.20757,203.12331,965.47635,366.84831,-0.00000,NaN,665.39393,NaN,NaN,NaN,NaN,NaN,NaN,NaN,NaN,NaN,NaN,NaN,NaN,NaN,NaN,NaN,NaN,NaN,NaN,NaN,NaN,NaN,NaN,NaN,NaN,NaN,NaN,NaN,NaN,NaN,NaN,NaN,NaN,NaN,NaN
"2004Q3",964.91245,3856.77688,464.44463,0.00000,1120.72675,4480.65729,489.91484,204.07926,968.47091,368.12632,0.00000,NaN,668.52388,NaN,NaN,NaN,NaN,NaN,NaN,NaN,NaN,NaN,NaN,NaN,NaN,NaN,NaN,NaN,NaN,NaN,NaN,NaN,NaN,NaN,NaN,NaN,NaN,NaN,NaN,NaN,NaN,NaN,NaN,NaN,NaN,NaN,NaN
"2004Q4",965.51535,3859.51653,464.47914,0.08130,1121.36688,4485.20634,491.39757,203.99827,982.59873,369.86103,-0.20304,630.16573,668.47741,2.73965,NaN,5.44585,2.82662,0.13453,4.54904,NaN,4.72212,0.07526,16.29998,2.49002,NaN,NaN,NaN,NaN,NaN,NaN,NaN,NaN,NaN,NaN,NaN,NaN,NaN,NaN,NaN,NaN,NaN,NaN,NaN,NaN,NaN,NaN,NaN
"2005Q1",967.05903,3862.28384,467.52449,0.20472,1125.09605,4489.74890,493.45380,203.07764,982.21148,371.29127,0.86478,636.33837,670.60213,2.76731,2.69687,5.98953,2.96000,0.28602,4.54257,4.52956,5.19014,-0.13765,15.92994,2.75000,5.47616,0.66174,-6.19723,-2.97572,5.85188,12.18140,4.27130,-3.68254,0.49370,8.22491,5.72095,-1.54899,24.69057,8.49886,0.32755,1.76956,0.11485,-0.08571,0.00890,0.07777,0.05077,0.64733,-0.02927
"2005Q2",967.55073,3865.03756,468.41965,0.53819,1127.01572,4494.20540,494.89469,202.94632,981.09445,373.07362,0.28492,640.81596,671.36597,2.75373,2.73516,6.14903,3.35000,0.53819,4.45650,4.51995,5.68712,-0.17699,15.61810,3.00000,6.22531,0.28492,-5.47448,-3.05312,5.97204,3.58064,-2.31946,-0.52528,1.33386,5.76356,7.12940,-4.46812,17.91036,3.05536,0.29844,1.55325,0.37662,0.03306,0.01704,0.08813,0.17043,0.89153,-0.07629
"2005Q3",968.33146,3868.45657,471.59832,0.82430,1125.84510,4499.32375,496.18176,203.07764,982.70654,375.21754,-0.11485,639.32032,674.67596,3.41901,2.91992,7.15369,3.93000,0.82430,5.11835,4.66661,6.26692,-1.00162,14.23563,3.61364,7.09122,-0.11485,-2.85035,-2.90366,6.15208,12.71468,-1.59907,0.52528,1.14444,5.14828,8.57568,6.44836,-5.98256,13.23996,0.97134,1.94616,0.53861,0.02995,0.16485,0.17890,-0.42706,0.25018,0.14166
"2005Q4",968.88515,3871.82637,470.55193,0.54333,1126.52988,4504.48675,498.03388,202.94632,995.90405,376.95937,-1.81851,628.65971,673.49825,3.36980,3.07746,6.07279,4.09000,0.46203,5.16300,4.82010,6.63631,-1.05195,13.30532,4.11364,7.09834,-1.61547,-1.50602,-2.47461,5.02084,-4.18556,-6.81466,-0.52528,-1.12386,7.40848,6.96732,52.79004,-42.64244,-4.71084,0.54846,0.44243,0.15954,-0.26535,0.23839,0.12146,-0.23030,0.65281,0.06491
"2006Q1",970.22156,3874.98890,471.19639,0.39030,1130.13536,4509.52606,500.29605,203.07764,995.75448,378.31910,-2.30557,634.67693,674.27403,3.16253,3.17627,3.67190,5.00000,0.18558,5.03931,4.94429,6.84225,-0.00000,13.54300,4.25000,7.02783,-3.17035,-1.66144,-2.15369,3.67190,2.57784,-1.94821,0.52528,-0.61211,9.04868,5.43892,-0.59828,24.06888,3.10312,0.36884,-1.03652,0.93464,-0.23779,0.39361,0.04959,0.45778,1.57809,-0.19603
"2006Q2",970.48049,3877.91866,474.61453,1.16676,1129.73028,4512.24062,501.54707,202.94632,999.53372,380.35457,-0.17258,631.74363,677.56085,2.92976,3.22027,6.19488,5.05000,0.62857,2.71456,4.50881,6.65238,-0.00000,18.43927,4.57955,7.28095,-0.45750,-9.07233,-2.11573,6.19488,13.67256,8.53194,-0.52528,3.10582,5.00408,8.14188,15.11696,-11.73320,13.14728,0.25248,3.32626,0.04523,0.06050,-1.80607,-0.27911,0.72904,5.89939,0.03369
"2006Q3",970.62980,3880.21700,474.18515,0.02878,1132.24823,4518.64375,502.51913,202.94632,999.18006,380.75939,-3.99671,635.58730,677.13147,2.29834,2.94011,2.58683,5.34000,-0.79552,6.40313,4.83000,6.33737,-0.13132,16.47352,5.00000,5.54185,-3.88186,-3.73302,-0.98266,2.45551,-1.71752,-15.29651,-0.00000,-4.55192,3.88824,1.61928,-1.41464,15.37468,-1.71752,-0.24820,-1.75670,0.36036,-1.14019,2.98530,-0.34615,-1.59001,2.01649,0.10643
"2006Q4",971.48602,3882.81787,473.79704,0.51084,1133.92685,4526.04072,503.69733,202.81482,1014.79111,382.59033,-4.36835,622.83307,676.61186,2.60087,2.74787,3.24511,5.17000,-0.03249,7.39697,5.38849,5.66345,-0.13150,18.88706,5.00000,5.63096,-2.54984,-5.82664,-0.66025,3.11361,-1.55244,-1.48658,-0.52600,1.92826,4.71280,7.32376,62.44420,-51.01692,-2.07844,0.40898,1.05410,-0.15350,0.41268,1.92761,-0.78735,-0.04601,4.34099,-0.13106
"2007Q1",971.78625,3884.38256,474.91640,1.37929,1136.51413,4532.41949,506.09544,203.99208,1014.62494,385.10748,-3.47051,627.98463,678.90848,1.56469,2.34841,3.72001,5.30000,0.98899,6.37877,5.72336,5.79939,0.91444,18.87046,5.02273,6.78838,-1.16494,-6.69230,-0.76669,4.63445,4.47744,3.59139,4.70904,3.47381,9.59244,10.06860,-0.66468,20.60624,9.18648,-0.79712,1.93565,0.18666,0.73967,1.51573,-0.22001,1.17130,3.55811,-0.12825
"2007Q2",972.39601,3886.29808,477.59816,0.63738,1136.62429,4539.31350,507.25332,203.86195,1017.24607,385.53144,-1.97957,626.63154,681.46011,1.91552,2.09485,2.98363,5.31000,-0.52938,6.89401,6.76822,5.70625,0.91563,17.71235,5.50000,5.17687,-1.80699,-5.11209,-0.12702,3.89926,10.72704,5.96374,-0.52052,-2.96766,4.63152,1.69584,10.48452,-5.41236,10.20652,0.13571,0.16579,0.04696,-1.32575,1.41635,-0.05084,-0.68463,3.39551,0.23925
"2007Q3",972.97054,3888.63882,478.79842,0.72187,1137.94024,4545.00551,508.90135,204.12203,1018.00771,387.83470,-4.58995,628.83388,682.92045,2.34074,2.10545,4.61327,4.58000,0.69309,5.69201,6.59044,6.38222,1.17571,18.82765,5.52500,7.07531,-0.59324,-6.75342,-0.75854,5.78898,4.80104,-10.44151,1.04032,0.33796,6.59212,9.21304,3.04656,8.80936,5.84136,0.36387,2.16554,-0.72356,0.91673,-0.04149,0.43086,1.41902,3.95343,-0.18714
"2007Q4",973.59679,3890.74959,482.48127,1.69603,1138.46841,4549.54707,510.89685,203.20878,1025.54780,390.97504,-2.48968,623.81746,685.69005,2.11077,1.98293,8.68423,3.06000,1.18519,4.54156,5.87659,7.19952,0.39396,10.75669,6.28571,8.38471,1.87867,0.98439,-0.89798,9.07819,14.73140,8.40106,-3.65300,3.89666,7.98200,12.56136,30.16036,-20.06568,11.07840,-0.10493,5.39084,-1.53629,0.29581,-0.39899,0.57859,0.77290,-3.49979,0.29352
"2008Q1",973.16904,3892.13238,486.82977,2.11814,1139.75530,4552.78824,514.06565,203.33976,1018.80949,393.81654,-0.17967,635.01146,690.16953,1.38279,1.93746,11.91337,2.51000,0.73885,3.24117,5.09219,7.97021,-0.65232,4.18455,6.53571,8.70906,3.29084,7.02683,-1.46717,11.26105,17.39400,9.24007,0.52392,1.68845,12.67520,11.36600,-26.95324,44.77600,17.91792,-0.70374,6.08628,-0.56677,-0.72591,-0.17311,0.47074,-0.15032,-2.68654,-0.16621
"2008Q2",973.76278,3893.49915,493.19567,3.99211,1142.10142,4558.26537,516.61194,201.35688,1018.91062,398.24479,1.75425,639.80274,694.55255,1.36677,1.80027,15.59751,2.47000,3.35473,5.47713,4.73797,9.35862,-2.50507,1.66455,6.75000,12.71335,3.73382,13.17120,-2.54674,13.09244,25.46360,7.73566,-7.93152,7.49586,10.18516,17.71300,0.40452,19.16512,17.53208,-0.31087,7.12198,-0.09115,2.01293,2.97190,0.44476,0.09452,-0.37529,-0.38800
"2008Q3",973.23611,3893.76472,489.16453,2.98325,1141.02950,4561.35463,518.63879,200.95554,1020.51391,399.83352,-7.12777,639.15438,690.12007,0.26557,1.28148,10.36611,2.03000,2.26138,3.08926,4.08728,9.73744,-3.16649,2.50620,7.25000,11.99882,-2.53782,10.32050,-1.61247,7.19962,-16.12456,-35.52807,-1.60536,-4.03544,8.10740,6.35492,6.41316,-2.59344,-17.72992,-1.40308,0.00260,-0.37060,-0.03706,0.29335,0.06705,-1.19482,2.76337,-0.04296
"2008Q4",971.02304,3891.19097,474.46549,1.57490,1141.10323,4563.98945,520.00226,204.25182,1026.25561,399.95932,-18.56783,634.84988,678.71731,-2.57375,0.11035,-8.01578,0.14000,-0.12113,2.63482,3.61059,9.10541,1.04304,0.70781,7.25000,8.98428,-16.07815,11.03242,1.26978,-6.97274,-58.79616,-45.76026,13.18512,-5.63338,5.45388,0.50320,22.96680,-17.21800,-45.61104,-3.62388,-12.92269,-1.59613,0.25883,2.44917,-0.02224,0.90970,-1.99494,-0.11166
"2009Q1",969.88161,3887.90354,473.87285,0.10303,1139.93843,4564.17258,520.95840,208.93919,1021.31427,398.69418,-14.42991,639.58256,682.81204,-3.28743,-1.05721,-12.95692,0.16000,-2.01511,0.18313,2.84608,6.89275,5.59943,2.50478,6.45455,4.87764,-14.25024,4.57110,2.49069,-7.35749,-2.37056,16.55171,18.74948,-5.88747,3.82456,-5.06056,-19.76536,18.93072,16.37892,-2.74279,-5.08182,0.17096,-1.19907,-0.19824,-0.72876,2.75538,0.21885,-0.43793
"2009Q2",969.70229,3883.84305,478.08520,-0.36962,1141.02773,4563.09889,521.58899,209.55609,1026.47012,398.86011,-10.13406,636.14660,687.64129,-4.06049,-2.41402,-15.11047,0.22000,-4.36173,-1.07369,1.20838,4.97705,8.19921,7.55950,5.54545,0.61532,-11.88831,-3.65614,2.95057,-6.91126,16.84940,17.18338,2.46760,-1.89062,2.52236,0.66372,20.62340,-13.74384,19.31700,-3.11499,-3.35129,0.20900,-2.36344,-0.16074,-0.25636,1.39802,3.36139,-0.33844
"2009Q3",970.05326,3880.66020,478.81526,-0.72177,1142.41128,4564.48067,522.37665,211.86623,1029.14368,399.86636,-10.30421,635.64425,690.68149,-3.18285,-3.27613,-10.34927,0.07000,-3.70502,1.38178,0.78151,3.73786,10.91069,8.62977,4.63636,0.03284,-3.17644,-3.51013,2.17484,0.56142,2.92024,-0.68059,9.24056,-1.40860,3.15064,4.02500,10.69424,-2.00940,12.16080,-1.80315,2.01794,-0.11238,-0.64013,1.66100,-0.18391,3.75806,-0.96661,-0.27308
"2009Q4",971.12853,3880.76569,480.96158,-1.65029,1143.10979,4566.48723,522.94830,211.98635,1036.73568,399.68017,-7.28325,629.32241,692.94793,0.10549,-2.60632,6.49609,0.05000,-3.22519,2.00656,0.62444,2.94604,7.73453,10.48007,4.50000,-0.27915,11.28458,-5.52747,0.24599,14.23062,8.58528,12.08382,0.48048,-3.71406,2.28660,-0.74476,30.36800,-25.28736,9.06576,0.99225,13.32740,-0.22177,-2.09542,-1.30731,-0.33860,0.47493,1.26945,0.22020
"2010Q1",971.61153,3882.49561,482.35911,0.35466,1143.17918,4569.72798,524.56175,208.19384,1036.55756,402.54916,-10.29235,631.18337,690.55295,1.72992,-1.35198,8.48626,0.09000,0.25163,3.24075,1.38885,3.60335,-0.74535,15.24329,4.50000,3.85498,4.13756,-8.39919,-0.46618,7.74091,5.59012,-12.03637,-15.17004,8.01981,6.45380,11.47596,-0.71248,7.44384,-9.57992,0.76970,3.17355,-0.04636,2.21599,-0.03048,-0.32720,-5.40197,3.59889,0.03126
"2010Q2",972.57475,3885.36807,482.08650,-0.23273,1144.01486,4572.71511,525.43898,208.06908,1033.26106,402.84699,-11.46976,636.19278,690.15558,2.87246,0.38126,4.00130,0.09000,0.13689,2.98713,2.40405,3.84999,-1.48701,6.79094,4.50000,3.98688,-1.33570,0.04618,0.13885,2.51429,-1.09044,-4.70966,-0.49904,-2.34958,3.50892,1.19132,-13.18600,20.03764,-1.58948,0.99984,-2.93486,-0.03182,0.25068,-1.58500,-0.24737,-1.02939,-7.60021,0.03582
"2010Q3",973.34285,3888.65766,482.79717,-0.97850,1144.16289,4574.46672,526.32308,208.93919,1034.47509,403.55606,-13.19577,636.01088,691.73636,3.28959,1.99936,3.98191,0.15000,-0.25673,1.75161,2.49651,3.94643,-2.92704,5.33141,4.50000,3.68970,-2.89156,0.36663,0.09750,1.05487,2.84268,-6.90403,3.48044,-2.98308,3.53640,2.83628,4.85612,-0.72760,6.32312,0.77524,0.48791,0.00198,-0.43185,-2.07763,-0.04601,-1.38034,-2.36374,0.02677
"2010Q4",973.86660,3891.39573,486.52385,-0.71387,1146.25731,4577.61424,527.26501,207.69384,1043.71377,404.93330,-10.33020,629.80855,694.21769,2.73807,2.65751,5.56227,0.13000,0.93642,3.14752,2.78175,4.31671,-4.29251,6.97809,4.50000,5.25313,-3.04695,0.48614,-0.36334,1.26976,14.90672,11.46226,-4.98140,1.05854,3.76772,5.50896,36.95472,-24.80932,9.92532,-0.01057,2.66073,-0.06646,0.83989,0.80363,-0.08678,-1.03655,0.83308,-0.01184
"2011Q1",973.62871,3893.41291,491.87075,0.76031,1147.22135,4581.65641,528.92165,204.25182,1043.65071,407.31471,-9.08263,632.49229,696.12257,2.01718,2.72932,9.51164,0.10000,0.40565,4.04217,2.98211,4.35990,-3.94202,7.09315,4.50000,4.76555,1.20972,1.30892,-0.94069,5.56962,21.38760,4.99031,-13.76808,5.89673,6.62656,9.52564,-0.25224,10.73496,7.61952,-0.42169,5.75799,-0.09155,-0.92465,1.24536,-0.34570,-0.07359,1.28646,0.03011
"2011Q2",974.30312,3895.14128,493.65610,1.12754,1148.33898,4585.98053,530.30800,205.28409,1044.95461,409.07628,-7.55417,633.69237,698.94019,1.72837,2.44330,11.56960,0.07000,1.36027,4.32412,3.31635,4.86902,-2.78499,11.69355,4.75000,6.22929,3.91559,-2.50041,-1.36157,8.78461,7.14140,6.11382,4.12908,1.46890,5.54540,7.04628,5.21560,4.80032,11.27048,-0.30560,4.84497,-0.08732,0.52339,1.12545,-0.30935,1.35252,4.76826,0.34643
"2011Q3",974.28081,3896.07924,493.60050,0.73855,1149.72460,4591.54224,531.60239,206.05135,1040.58827,410.55242,-10.55959,640.73872,699.65185,0.93796,1.85539,10.80333,0.06000,1.71705,5.56171,4.26888,5.27931,-2.88784,6.11318,5.00000,6.99636,2.63618,4.72784,-1.15430,7.91549,-0.22240,-12.02167,3.06904,-1.55596,5.17756,5.90456,-17.46536,28.18540,2.84664,-0.93379,3.03739,-0.02199,0.38933,2.53145,-0.46352,-0.47717,-2.90590,0.14205
"2011Q4",975.39778,3897.61042,492.90135,-0.07671,1149.83522,4595.12015,532.64324,205.41237,1052.95276,410.94869,-11.61240,629.52570,698.31372,1.53118,1.55367,6.37750,0.04000,0.63716,3.57791,4.37648,5.37823,-2.28147,9.23899,5.50000,6.01539,-1.28220,-0.28285,-0.18904,4.09603,-2.79660,-4.21126,-2.55592,-3.26102,4.16340,1.58508,49.45796,-44.85208,-5.35252,0.10338,-1.59186,-0.02797,-0.41272,-0.83431,-0.25225,-0.24435,3.11869,0.52494
"2012Q1",976.23271,3900.21442,494.35064,0.31337,1150.99247,4598.89127,533.92112,204.51089,1050.39189,411.86724,-11.34314,634.52170,698.86153,2.60400,1.70038,2.47989,0.09000,-0.44694,3.77112,4.30871,4.99947,0.25907,6.74118,5.50000,4.55253,-2.26051,2.02941,0.60995,2.73896,5.79716,1.07707,-3.60592,1.56033,5.11152,3.67420,-10.24348,19.98400,2.19124,0.84301,-2.80012,0.02285,-0.61137,-0.58671,-0.40378,1.51928,-2.45500,0.18188
"2012Q2",976.67797,3902.58927,491.24868,-0.19900,1150.98198,4601.53427,535.04867,206.05135,1049.36048,412.49041,-13.93500,636.67017,697.30003,2.37485,1.86200,-2.40742,0.09000,-1.32654,2.64300,3.88843,4.74067,0.76726,4.40587,5.50000,3.41413,-6.38083,2.97780,1.46600,-1.64016,-12.40784,-10.36746,6.16184,-2.04950,4.51020,2.49268,-4.12564,8.59388,-6.24600,0.01128,-4.22762,0.02388,-0.48024,-0.95311,-0.01175,-0.21683,-3.41047,0.17467
"2012Q3",976.82232,3905.13078,492.97166,-0.74500,1152.10823,4603.91790,536.31368,207.69384,1047.39670,413.78016,-14.25723,641.02521,700.66550,2.54151,2.26289,-0.62884,0.09000,-1.48355,2.38363,3.09391,4.71129,1.64249,6.80843,5.00000,3.22774,-3.69764,0.28649,0.68049,1.01365,6.89192,-1.28891,6.56996,-2.18400,5.06004,5.15900,-7.85512,17.42016,13.46188,0.30665,0.90443,-0.04238,-0.59708,-0.76662,0.32360,1.26024,0.91143,-0.26679
"2012Q4",976.93789,3906.67089,492.13864,-1.46799,1153.43515,4607.51783,537.42279,206.55961,1062.48796,414.33696,-16.00742,628.36998,698.69825,1.54011,2.26512,-0.76271,0.09000,-1.39128,3.59993,3.09942,4.77955,1.14724,9.53520,5.00000,3.38827,-4.39502,-1.15572,0.60400,0.38453,-3.33208,-7.00078,-4.53692,-2.89194,4.43644,2.22720,60.36504,-50.62092,-7.86900,-0.78836,0.27692,0.01091,-0.29119,1.45159,0.21705,-0.45059,2.21072,0.15973
"2013Q1",977.91934,3908.35752,493.18607,-0.26502,1153.87651,4610.40187,538.74653,205.54050,1062.95108,416.11426,-16.30351,629.67196,698.72657,1.68663,2.03578,-1.16457,0.09000,-0.57839,2.88404,2.87765,4.82541,1.02961,12.55919,5.00000,4.24702,-4.96037,-4.84974,0.58897,-0.13496,4.18972,-1.18433,-4.07644,4.81189,5.29496,7.10920,1.85248,5.20792,0.11328,-0.07938,-0.54889,-0.01071,0.51769,-0.53149,0.13113,0.35076,2.31022,0.16504
"2013Q2",978.18678,3909.86633,491.71061,-0.19271,1155.29769,4614.71758,539.72473,205.66846,1058.47696,417.17276,-18.53202,636.54546,697.37907,1.50881,1.81927,0.46193,0.07000,0.00629,4.31571,3.29583,4.67606,-0.38289,9.11648,5.25000,4.68235,-4.59702,-0.12471,0.80237,0.07904,-5.90184,-8.91406,0.51184,0.28922,3.91280,4.23400,-17.89648,27.49400,-5.39000,-0.33949,1.56265,-0.04168,0.25550,1.32302,-0.14109,-1.08982,-1.84002,0.24829
"2013Q3",979.03468,3912.07869,492.08602,-0.64865,1155.76188,4618.37123,540.34163,207.19133,1055.44107,417.90446,-19.67333,640.66244,699.27735,2.21236,1.73698,-0.88564,0.06000,0.09635,3.65365,3.61333,4.02795,-0.50251,8.04437,5.25000,4.12430,-5.41610,-0.36277,1.43118,-1.38815,1.50164,-4.56523,6.09148,-1.82376,2.46760,2.92680,-12.14356,16.46792,7.59312,0.46393,-1.56456,-0.03352,0.27313,-0.59869,-0.56124,-0.28023,-1.41641,0.15945
"2013Q4",979.90211,3915.04291,491.08686,-0.86337,1156.29723,4621.23331,541.11205,206.17866,1067.03474,418.63084,-21.12941,630.37454,697.26552,2.96422,2.09301,-1.05178,0.07000,0.60462,2.86208,3.42887,3.68926,-0.38095,4.54678,5.00000,4.29388,-5.12199,2.00456,1.49616,-1.43273,-3.99664,-5.82434,-4.05068,-0.85886,3.08168,2.90552,46.37468,-41.15160,-8.04732,0.82063,-1.00862,-0.03468,0.63909,-1.31039,-0.29069,0.44418,-4.25545,-0.11280
"2014Q1",979.55682,3916.68039,493.00350,-0.29414,1157.97225,4625.32905,541.97008,204.51089,1060.08384,419.30869,-20.73924,639.85849,697.51439,1.63748,2.08072,-0.18257,0.06000,-0.02912,4.09574,3.73179,3.22355,-1.02961,-2.86724,5.00000,3.19443,-4.43573,10.18653,1.81026,-1.21218,7.66656,1.56071,-6.67108,2.27693,3.43212,2.71140,-27.80360,37.93580,0.99548,-0.92841,1.26914,-0.00373,-0.56321,1.95854,-0.37871,-1.12750,-7.20807,0.07563
"2014Q2",980.84018,3919.33379,492.40989,-0.09145,1159.51419,4629.54555,542.70760,205.41237,1060.16272,420.25689,-21.07170,642.05907,697.82226,2.65340,2.36687,0.69928,0.09000,0.10126,4.21650,3.70699,2.98287,-0.25609,1.68576,4.75000,3.08413,-2.53968,5.51361,1.50700,0.44319,-2.37444,-1.32986,3.60592,0.81074,2.95008,3.79280,0.31552,8.80232,1.23148,0.83270,0.21986,-0.02804,0.12461,0.34718,-0.21875,1.01236,0.94211,0.02678
"2014Q3",982.04809,3922.34720,490.89336,-0.25974,1159.89210,4633.67577,543.34638,204.38144,1062.77869,421.29812,-26.68063,640.45979,695.27480,3.01341,2.56713,-1.19266,0.07000,0.38891,4.13022,3.82613,3.00475,-2.80989,7.33762,4.50000,3.39366,-7.00730,-0.20265,1.39030,-4.00255,-6.06612,-22.43571,-4.12372,-0.67316,2.55512,4.16492,10.46388,-6.39712,-10.18984,0.62210,-2.16140,-0.04378,0.59481,0.16326,-0.04675,-2.42406,3.41450,-0.13396
"2014Q4",982.55260,3924.99769,486.27234,-0.80337,1161.22138,4638.59992,543.95678,203.07764,1075.36898,421.53557,-31.88968,629.80918,689.34998,2.65049,2.48870,-4.81452,0.06000,0.06000,4.92415,4.34165,2.84473,-3.10102,8.33424,4.00000,2.90473,-10.76027,-0.56536,1.44469,-7.91554,-18.48408,-20.83622,-5.21520,-2.17450,2.44160,0.94980,50.36116,-42.60244,-23.69928,0.05697,-3.98505,0.00915,0.26209,1.16480,-0.05722,-1.42400,0.38793,-0.35084
"2015Q1",983.44911,3928.88998,483.25986,-0.60813,1162.56106,4643.18873,544.68022,203.20878,1076.42698,421.70484,-34.49513,630.81430,686.46864,3.89229,3.05240,-9.74364,0.06000,-0.31399,4.58881,4.46492,2.71014,-1.30211,16.34314,3.50000,2.39615,-13.75589,-9.04419,1.52464,-11.04575,-12.04992,-10.42177,0.52456,0.78097,2.89376,0.67708,4.23200,4.02048,-11.52536,1.50261,-7.33180,-0.00767,0.47329,-0.92250,0.31327,0.72345,5.70865,-0.22844
"2015Q2",984.06649,3932.11629,483.70124,-0.47986,1162.56556,4646.24010,545.45305,203.47056,1079.13726,422.61393,-34.46761,628.88135,687.17180,3.22631,3.19563,-8.70865,0.08000,-0.38841,3.05137,4.17364,2.74545,-1.94181,18.97454,3.50000,2.35704,-13.39591,-13.17772,1.30946,-10.65046,1.76552,0.11006,1.04712,0.51306,3.09132,3.63636,10.84112,-7.73180,2.81264,0.13914,-1.69202,0.01155,0.01238,-1.41009,0.54814,-0.92577,3.65613,0.09959
"2015Q3",984.46607,3934.53427,480.44353,-1.16495,1164.65482,4651.00282,546.11059,204.03841,1077.70983,423.15712,-40.23770,633.05558,684.48194,2.41798,3.04677,-10.44983,0.07000,-0.90521,4.76272,4.33176,2.76421,-0.34303,14.93114,3.25000,1.85900,-13.55707,-7.40421,1.34142,-10.79286,-13.03084,-23.08035,2.27140,-2.74036,2.63016,2.17276,-5.70972,16.69692,-10.75944,-0.29512,-3.86981,0.02310,-0.18427,1.20031,0.51735,0.31069,-2.13355,-0.11373
"2015Q4",984.65044,3936.63211,478.31881,-0.59541,1164.85622,4654.63766,546.76899,202.99203,1085.30873,424.55574,-42.74103,626.31648,681.31084,2.09784,2.90861,-7.95353,0.20000,0.20796,3.63484,4.00943,2.81221,-0.08561,9.93975,3.00000,3.02017,-10.85135,-3.49270,0.83513,-8.03914,-8.49888,-10.01334,-4.18552,2.27818,2.63360,5.59448,30.39560,-26.95640,-12.68440,-0.16124,-0.19987,0.11889,0.86053,-0.44413,0.39852,0.60442,-4.90445,-0.20743
"2016Q1",985.22837,3938.41137,476.93947,0.80736,1164.22548,4656.30208,547.43821,204.34464,1080.09461,425.87832,-42.43765,631.56908,681.28411,1.77926,2.38035,-6.32039,0.25000,1.41549,1.66442,3.27834,2.75799,1.13586,3.66763,3.00000,4.17348,-7.94252,0.75478,0.79630,-5.18453,-5.51736,1.21355,5.41044,5.61109,2.67688,5.29032,-20.85648,21.01040,-0.10692,-0.30001,-0.28849,0.04734,1.30204,-1.50392,0.15397,1.91731,-7.85722,0.00701
"2016Q2",985.54888,3939.89376,479.39275,1.23502,1166.25808,4659.99460,548.07545,203.37748,1085.45854,426.95121,-41.49158,628.87499,682.77023,1.48239,1.94437,-4.30849,0.30000,1.71488,3.69252,3.43862,2.62240,-0.09308,6.32128,3.00000,4.33728,-7.02397,-0.00636,0.56855,-4.40157,9.81312,3.78426,-3.86864,1.71062,2.54896,4.29156,21.45572,-10.77636,5.94448,-0.41794,0.61698,0.04353,0.63814,1.79203,0.02805,-0.75519,1.35127,-0.08200
"2016Q3",986.25562,3941.68331,479.21656,0.77505,1166.64728,4661.98706,548.62845,201.83569,1084.29400,427.61498,-46.18525,630.98173,681.05225,1.78955,1.78726,-1.22697,0.29000,1.94000,1.99246,2.74606,2.51786,-2.20272,6.58417,3.00000,4.45786,-5.94755,-2.07385,0.21954,-3.42969,-0.70476,-18.77467,-6.16716,-1.83988,2.21200,2.65508,-4.65816,8.42696,-6.87192,0.05596,1.87977,-0.04928,0.47976,-1.38914,-0.06089,-1.34257,-0.62031,-0.12427
"2016Q4",986.80883,3943.84170,479.97988,0.97708,1168.00708,4665.13792,549.34180,201.54813,1098.62601,428.70104,-45.09667,618.72287,681.52801,2.15839,1.80240,1.66107,0.55000,1.57249,3.15086,2.62506,2.57281,-1.44390,13.31728,3.00000,4.14530,-2.35564,-7.59361,-0.34417,0.21717,3.05328,4.35430,-1.15024,0.80814,2.85340,4.34424,57.32804,-49.03544,1.90304,0.25228,2.37188,0.20707,-0.17087,0.34499,-0.08082,0.73881,6.40051,0.06269
"2017Q1",987.29407,3945.90740,480.68473,2.09185,1168.86344,4669.77588,550.07423,199.59918,1091.15367,429.79883,-46.07387,627.78400,680.28391,2.06570,1.87401,3.74526,0.82000,1.28449,4.63796,3.36845,2.63602,-4.74546,11.05906,3.00000,3.92051,-3.63622,-3.78508,-0.63092,-1.00020,2.81940,-3.90877,-7.79580,4.45909,2.92972,4.39116,-29.88936,36.24452,-4.97640,-0.04758,2.56664,0.23104,-0.23371,1.24311,-0.32498,-3.52085,-0.02063,-0.17741
"2017Q2",987.85235,3948.21087,480.47614,3.04039,1168.83584,4672.35364,550.54242,199.38586,1096.58179,431.22355,-46.86678,622.79647,679.86200,2.30347,2.07928,1.08339,1.06000,1.80537,2.57776,3.08976,2.46697,-3.99162,11.12325,3.00000,4.27234,-5.37520,-6.07852,-0.14912,-2.90823,-0.83436,-3.17166,-0.85328,3.79414,1.87276,5.69888,21.71248,-19.95012,-1.68764,0.24225,-1.83130,0.23799,1.02367,-1.61351,-0.62090,0.06973,-0.97395,0.07052
"2017Q3",988.63821,3950.59346,481.94748,2.68482,1169.68822,4675.39458,550.98626,198.81323,1096.48721,431.88256,-48.83460,624.18727,680.76071,2.38259,2.22754,2.73092,1.06000,1.90977,3.04094,3.35188,2.35781,-3.02246,12.19321,3.00000,4.26758,-2.64935,-6.79446,-0.31899,-0.29154,5.88536,-7.87127,-2.29052,-1.42228,1.77536,2.63604,-0.37832,5.56320,3.59484,0.18782,1.80113,-0.03471,0.36418,-0.19700,-0.46142,0.66740,1.38015,0.03680
"2017Q4",989.75902,3953.54365,482.97660,4.19116,1169.85181,4677.23931,551.64932,199.34465,1110.25619,434.22264,-46.61095,611.24494,682.32125,2.95019,2.42549,2.99672,1.33000,3.21408,1.84473,3.02535,2.30752,-2.20348,11.63018,2.75000,5.52160,-1.51428,-7.47793,-0.53901,0.79324,4.11648,8.89458,2.12568,6.02538,2.65224,9.36032,55.07592,-51.76932,6.24216,0.71098,0.47818,0.22680,1.67465,-1.99018,-0.66809,1.25284,-1.01270,-0.22872
"2018Q1",990.56901,3956.81859,483.96188,3.92736,1171.59047,4679.96634,552.29627,200.05220,1103.98323,433.85638,-44.56574,619.90351,684.01408,3.27494,2.72780,3.27715,1.67000,1.83551,2.72703,2.54761,2.22204,0.45302,12.82956,2.75000,4.05755,1.50813,-7.88049,-0.57467,3.73017,3.94112,8.18087,2.83020,-1.05519,2.58780,-1.46504,-25.09184,34.63428,6.77132,0.71693,0.56004,0.29902,-0.68315,-0.74360,-0.38212,2.10802,2.09737,0.06152
"2018Q2",991.09844,3960.06468,485.29832,4.32979,1173.20161,4684.33211,552.97322,201.29370,1102.43667,434.94375,-42.56756,623.73816,686.59202,3.24609,2.96345,4.82218,1.91000,1.28940,4.36577,2.99462,2.43080,1.90784,5.85488,2.75000,3.72020,4.29922,0.94169,-0.79934,6.73002,5.34576,7.99270,4.96600,1.60970,2.70780,4.34948,-6.18624,15.33860,10.31176,0.50567,2.05564,0.19660,-0.37370,0.66533,-0.25263,1.63028,-5.92492,-0.04060
"2018Q3",991.72031,3963.14678,484.84760,4.49312,1173.08081,4687.72470,553.62945,203.52743,1103.83016,436.33405,-43.86347,622.88010,688.37503,3.08210,3.13833,2.90012,2.18000,1.80830,3.39259,3.08253,2.64319,4.71420,7.34295,2.75000,4.45149,4.97113,-1.30717,-0.69437,7.61432,-1.80288,-5.18363,8.93492,0.65332,2.62492,5.56120,5.57396,-3.43224,7.13204,0.35789,-0.88651,0.26663,0.92133,-0.50816,-0.32593,3.52111,-1.19681,0.12564
"2018Q4",991.86175,3965.24951,482.86659,3.98247,1172.76418,4690.63707,554.14459,204.51089,1117.27269,436.50922,-44.04999,609.63608,687.37748,2.10273,2.92646,-0.11001,2.40000,-0.20869,2.91237,3.34944,2.49527,5.16624,7.01650,2.75000,2.28658,2.56096,-1.60886,-0.22881,5.05623,-7.92404,-0.74610,3.93384,-2.04258,2.06056,0.70068,53.77012,-52.97608,-3.99020,-0.52937,-1.83936,0.26779,-1.33339,-0.05072,-0.17307,0.25547,-1.06335,0.04503
"2019Q1",992.40350,3967.08400,484.22121,5.58855,1175.33415,4694.38075,554.72148,203.99830,1109.91010,437.94278,-42.78552,620.14553,688.21951,1.83449,2.56635,0.25933,2.43000,1.66119,3.74368,3.60360,2.42521,3.94610,5.92687,2.75000,4.08640,1.78022,0.24202,-0.17017,4.20543,5.41848,5.05791,-2.05036,6.42433,2.30756,5.73424,-29.45036,42.03780,3.36812,-0.24753,0.52187,0.04379,1.76722,1.05934,-0.50760,0.39810,-3.56690,-0.02002
"2019Q2",993.22936,3969.21492,483.42966,6.65183,1177.11776,4698.29690,555.33954,204.18685,1112.27381,439.63211,-43.90939,620.18349,687.61651,2.13092,2.28756,-1.86866,2.40000,2.32204,3.91615,3.49120,2.36632,2.89315,9.83714,2.75000,4.68836,-1.34183,-3.55467,0.09674,1.02449,-3.16620,-4.49550,0.75420,4.25310,2.47224,6.75732,9.45484,0.15184,-2.41200,0.19957,-2.20500,-0.00641,1.37961,0.41000,-0.32502,-0.07576,1.86521,-0.07132
"2019Q3",994.35541,3971.85002,482.86114,4.13231,1176.98897,4702.20506,555.77854,204.19905,1113.89358,438.12233,-47.32740,618.87393,687.06019,2.63510,2.17581,-1.98646,1.90000,-0.36081,3.90816,3.62009,2.14909,0.67162,10.06342,2.75000,1.78828,-3.46393,-4.00617,0.18968,-1.31484,-2.27408,-13.67203,0.04880,-10.07808,1.75600,-6.03912,6.47908,-5.23824,-2.22528,0.53725,-1.01653,-0.50362,-1.86445,-0.52047,0.13434,-2.44208,0.89409,-0.14776
"2019Q4",994.99464,3974.98291,482.83137,5.14562,1176.99066,4706.43154,556.33026,203.97395,1128.00813,439.85804,-46.80782,605.31279,686.80532,3.13289,2.43335,-0.03522,1.55000,1.16315,4.22648,3.94862,2.18567,-0.53694,10.73544,2.75000,3.34882,-2.75783,-4.32329,-0.07745,-0.57216,-0.11908,2.07830,-0.90040,4.05326,2.20688,6.94284,56.45820,-54.24456,-1.01948,0.75186,0.86284,-0.38860,1.37137,-0.05032,-0.23683,-0.13372,-1.14930,-0.00625
"2020Q1",993.62258,3976.20199,480.19156,5.24643,1176.20970,4707.30709,556.81653,203.94589,1125.27885,439.69571,-48.96263,607.74738,684.13745,1.21908,2.27950,-4.02965,0.08000,-0.34212,0.87555,3.23158,2.09505,-0.05241,15.36875,2.75000,1.75293,-6.17711,-12.39815,0.39924,-4.08206,-10.55924,-8.61921,-0.11224,0.40325,1.94508,-0.64932,-10.91712,9.73836,-10.67148,-1.44155,-2.94304,-1.37952,-0.51850,-2.02147,0.10371,-0.21247,3.61235,0.17466
"2020Q2",985.40242,3968.37505,479.16060,7.07909,1167.54379,4697.73312,557.27322,204.08860,1129.33007,441.99305,-50.21038,595.48694,683.24920,-7.82694,-0.20997,-4.26906,0.08000,0.42726,-9.57397,-0.14095,1.93368,-0.09825,17.05626,2.00000,2.36094,-6.30099,-24.69655,-0.24936,-4.36731,-4.12384,-4.99102,0.57084,7.33062,1.82676,9.18936,16.20488,-49.04176,-3.55300,-9.41263,5.60217,0.32316,0.29520,-3.54395,-0.38433,-0.68388,3.58206,-0.27190
"2020Q3",992.87556,3966.89520,481.37456,6.89977,1175.49380,4696.23795,557.85729,204.86220,1139.81889,442.96854,-50.22958,593.53220,686.23676,-1.47985,-1.23870,-1.48658,0.09000,2.76746,-1.49517,-1.49178,2.07875,0.66315,25.92531,1.75000,4.84621,-2.90218,-25.34173,-1.09506,-0.82343,8.85584,-0.07679,3.09440,-0.71728,2.33628,3.90196,41.95528,-7.81896,11.95024,2.01537,0.14937,-0.09753,2.34655,-0.98594,-0.20808,2.21946,8.05499,-0.14363
"2020Q4",993.90526,3965.80582,482.75831,7.67295,1179.40707,4698.65436,558.51389,205.42800,1154.53046,444.56900,-47.61046,583.39050,688.18631,-1.08938,-2.29427,-0.07306,0.09000,2.52733,2.41641,-1.94430,2.18363,1.45405,26.52233,1.75000,4.71096,-0.80264,-21.92229,-1.37191,1.38099,5.53500,10.47646,2.26320,3.09274,2.62640,6.40184,58.84628,-40.56680,7.79820,-1.15915,1.86614,0.01012,0.24984,1.50598,-0.28397,0.62381,5.76714,-0.00977
"2021Q1",995.18252,3967.36576,487.82434,8.35334,1180.66067,4703.10533,559.38699,204.38569,1145.90077,445.37308,-43.46051,594.14689,692.21003,1.55994,-2.20906,7.63278,0.07000,3.10691,4.45097,-1.05044,2.57046,0.43980,20.62192,1.75000,5.67737,5.50212,-13.60049,-2.54297,8.07258,20.26412,16.59983,-4.16924,2.72157,3.49240,3.21632,-34.51876,43.02556,16.09488,1.27085,6.75091,-0.16465,0.35378,-0.36122,-0.25229,0.56411,-0.78064,-0.24119
"2021Q2",996.69083,3978.65417,491.58457,8.26505,1182.11307,4717.67461,559.92008,204.62099,1148.17794,445.82587,-39.90088,593.85521,696.20556,11.28841,2.56978,12.42397,0.08000,1.18596,14.56928,4.98537,2.64686,0.53239,18.84787,1.75000,3.83282,10.30950,-1.63173,-3.25119,12.95636,15.04092,14.23850,0.94120,-0.35318,2.13236,1.81116,9.10868,-1.16672,15.98212,9.51126,-0.15241,-0.41438,-1.41698,1.42107,-0.39638,1.03315,-0.00781,-0.33077
"2021Q3",997.50219,3983.28080,492.46608,7.62579,1183.29869,4725.47950,560.73653,204.53499,1148.35100,446.57380,-42.34451,595.68422,697.00107,4.62663,4.09640,11.09152,0.08000,0.72602,7.80489,7.31039,2.87924,-0.32721,8.53211,1.75000,3.60526,7.88507,2.15202,-3.03603,10.76431,3.52604,-9.77451,-0.34400,-2.55704,3.26580,2.99172,0.69224,7.31604,3.18204,-2.61474,3.93841,0.05045,-0.55957,1.20183,-0.85024,-1.36257,-7.58704,-0.04372
"2021Q4",999.18464,3988.56018,493.95647,7.06690,1184.09119,4730.16362,562.14164,204.45154,1165.70431,447.59070,-41.01651,580.52852,698.40801,5.27938,5.68859,11.19816,0.08000,-0.60605,4.68412,7.87731,3.62775,-0.97646,11.17385,1.75000,3.02170,6.59395,-2.86198,-3.62029,10.22170,5.96156,5.31198,-0.33380,-2.23554,5.62044,4.06760,69.41324,-60.62280,5.62776,1.77976,1.78455,-0.11457,-1.39403,-2.40212,0.16935,-0.32832,0.71933,-0.08072
"2022Q1",998.68586,3992.06352,501.65325,7.64594,1185.31709,4734.82004,564.18086,204.04558,1156.09877,449.45955,-34.76558,593.39918,705.69883,3.50334,6.17444,13.82891,0.20000,-0.70740,4.65642,7.92868,4.79387,-0.34011,10.19800,1.75000,4.08647,8.69493,-0.74771,-4.72269,13.48880,30.78712,25.00375,-1.62384,2.31617,8.15688,7.47540,-38.42216,51.48264,29.16328,-0.36292,5.91424,0.05370,-0.97245,0.92222,0.31453,0.94333,-1.29542,-0.10728
"2022Q2",998.54453,3993.91722,504.17516,8.84494,1186.77026,4739.47723,566.62231,204.57643,1160.54098,453.10799,-34.05708,592.85159,708.75159,1.85370,3.81576,12.59059,1.21000,0.57989,4.65719,5.45065,6.70223,-0.04456,12.36304,2.25000,7.28212,5.84380,-1.00362,-5.29989,12.54603,10.08764,2.83398,2.12340,4.79598,9.76580,14.59376,17.76884,-2.19036,12.21104,-1.01500,3.23369,1.00103,0.55715,1.79926,0.78175,0.75266,1.62378,0.18889
"2022Q3",999.20065,3995.61568,499.61567,8.14075,1187.06091,4743.23945,568.87049,205.41772,1159.03660,455.22272,-42.44615,596.89480,705.03339,1.69846,3.08372,7.14959,2.56000,0.51496,3.76222,4.43999,8.13396,0.88273,10.68560,3.00000,8.64892,-0.10164,1.21058,-4.69567,8.03232,-18.23796,-33.55627,3.36516,-2.81676,8.99272,8.45892,-6.01752,16.17284,-14.87280,-0.24368,-1.87019,1.37394,0.04813,0.01792,0.84229,0.58650,-1.49313,0.22157
"2022Q4",999.83431,3996.26535,497.64317,7.39173,1187.54104,4746.68930,570.65113,206.28183,1172.51084,456.42502,-44.00901,585.68133,703.92500,0.64967,1.92629,3.68670,4.10000,0.32483,3.44985,4.13142,8.50949,1.83029,6.80653,3.75000,8.83432,-2.99250,5.15281,-3.62936,5.51699,-7.89000,-6.25146,3.45644,-2.99606,7.12256,4.80920,53.89696,-44.85388,-4.43356,-1.20528,-0.65003,1.60889,-0.24132,1.08883,0.23350,0.38075,-3.29365,0.18672
"2023Q1",1000.38893,3997.96842,496.88234,8.11120,1189.25361,4750.62582,572.06965,205.47616,1165.43052,457.81360,-45.99470,595.89274,702.35850,1.70307,1.47622,-4.77091,4.65000,0.46526,3.93652,3.95144,7.88879,1.43058,9.33175,4.50000,8.35405,-11.22912,2.49356,-1.35083,-3.34033,-3.04332,-7.94273,-3.22268,2.87789,5.67408,5.55432,-28.32128,40.84564,-6.26600,0.43720,-7.78629,0.64242,1.03512,0.26640,-0.27265,-0.96006,0.08216,0.23367
"2023Q2",1000.89911,4000.32300,495.59334,7.17305,1190.77829,4754.63385,573.10583,205.90243,1172.42749,457.91962,-47.79642,591.45663,701.49577,2.35458,1.60144,-8.58182,5.08000,-1.67189,4.00803,3.78915,6.48352,1.32600,11.88651,5.00000,4.81163,-13.73934,-1.39496,0.50226,-7.25582,-5.15600,-7.20690,1.70508,-3.75262,4.14472,0.42408,27.98788,-17.74444,-3.45092,0.49704,-5.46182,0.50235,-1.47021,-0.26587,-0.29718,-1.45668,2.31948,0.18712
"2023Q3",1002.08572,4003.20807,497.02507,7.19460,1190.95333,4758.52627,574.39714,206.27349,1167.50409,459.80322,-49.70763,597.84638,703.29856,2.88507,1.89810,-2.59060,5.33000,-0.94615,3.89242,3.82170,5.52665,0.85577,8.46749,5.00000,4.58050,-7.26148,0.95158,0.39823,-1.73483,5.72692,-7.64483,1.48424,0.08620,5.16524,7.53440,-19.69360,25.55900,7.21116,0.66160,3.19268,0.23016,-0.17978,-0.43867,-0.31006,0.30115,-3.14606,-0.21302
"2023Q4",1002.92079,4006.29455,494.96550,6.73191,1189.65133,4760.63656,575.40295,205.72166,1182.22827,460.51702,-51.99867,582.82601,700.68716,3.08648,2.50730,-2.67767,5.33000,-0.65982,2.11029,3.48681,4.75182,-0.56017,9.71743,5.00000,4.09200,-7.98966,-2.85532,0.89925,-3.23784,-8.23828,-9.16418,-2.20732,-1.85074,4.02324,2.85520,58.89672,-60.08148,-10.44560,0.56504,-1.20072,0.03330,0.15818,-2.00065,-0.38476,-1.12504,-0.06129,-0.12397
"2024Q1",1003.23116,4009.13678,496.47414,7.50149,1192.01259,4763.39554,575.85672,205.45303,1180.12753,460.99096,-50.21310,587.74178,701.92717,2.84223,2.79209,-0.40820,5.33000,-0.60971,2.75898,3.19243,3.78707,-0.02313,14.69701,5.00000,3.17736,-4.21840,-8.15096,1.12873,-0.43133,6.03456,7.14231,-1.07452,3.07833,1.81508,1.89576,-8.40296,19.66308,4.96004,0.20767,1.39537,0.02140,-0.30260,-0.27503,-0.72504,0.44228,4.74529,0.09918
"2024Q2",1003.39648,4011.63415,495.29510,6.74372,1194.17052,4766.78777,576.92861,205.93531,1185.53059,461.31307,-51.88457,585.56854,701.23040,2.49737,2.82779,-0.29824,5.28514,-0.42932,3.39223,3.03848,3.82278,0.03288,13.10310,5.00666,3.39345,-4.08814,-5.88809,1.13178,-0.26537,-4.71618,-6.68588,1.92910,-3.03108,4.28754,1.28845,21.61224,-8.69297,-2.78708,0.00000,0.00000,0.00000,0.00000,0.00000,0.00000,0.00000,0.00000,0.00000
"2024Q3",1004.38940,4013.93783,496.80716,6.89095,1194.55549,4770.38993,578.24422,206.32434,1179.36889,463.34666,-53.72176,593.43082,703.13151,2.30368,2.68244,-0.21791,5.24084,-0.30364,3.60216,2.96592,3.84708,0.05085,11.86480,5.02579,3.54344,-4.01413,-4.41556,1.15112,-0.16705,6.04827,-7.34879,1.55615,0.58892,5.26246,8.13435,-24.64679,31.44912,7.60442,0.00000,0.00000,0.00000,0.00000,0.00000,0.00000,0.00000,0.00000,0.00000
"2024Q4",1005.11567,4016.13272,494.80629,6.51530,1193.28816,4774.02676,579.26550,205.76554,1193.12981,464.16296,-55.97656,579.42385,700.57183,2.19488,2.45954,-0.15921,5.19709,-0.21661,3.63683,3.34755,3.86255,0.04388,10.90154,5.05185,3.64594,-3.97788,-3.40216,1.18017,-0.11533,-8.00349,-9.01918,-2.23521,-1.50263,4.08514,3.26521,55.04368,-56.02787,-10.23870,0.00000,0.00000,0.00000,0.00000,0.00000,0.00000,0.00000,0.00000,0.00000
"2025Q1",1005.36494,4018.26649,496.35782,7.34469,1195.61781,4777.63198,579.72799,205.47430,1190.27825,464.70543,-54.17942,585.06755,701.83212,2.13378,2.28243,-0.11632,5.15387,-0.15680,3.60522,3.55911,3.87127,0.02127,10.15072,5.08101,3.71447,-3.96632,-2.67423,1.21430,-0.09505,6.20610,7.18856,-1.16496,3.31759,1.84994,2.16988,-11.40624,22.57481,5.04115,0.00000,0.00000,0.00000,0.00000,0.00000,0.00000,0.00000,0.00000,0.00000
"2025Q2",1005.49594,4020.36595,495.21010,6.62766,1197.72442,4781.18587,580.80348,205.92487,1195.09458,465.07188,-55.85486,583.43332,701.13498,2.09945,2.18295,-0.08499,5.11119,-0.11606,3.55389,3.59953,3.87487,-0.01043,9.56399,5.11067,3.75881,-3.97030,-2.13522,1.25030,-0.09542,-4.59084,-6.70178,1.80228,-2.86814,4.30196,1.46580,19.26532,-6.53695,-2.78856,0.00000,0.00000,0.00000,0.00000,0.00000,0.00000,0.00000,0.00000,0.00000
"2025Q3",1006.46957,4022.44612,496.74507,6.80231,1198.05715,4784.68753,582.11889,206.27763,1188.47307,467.13269,-57.70525,591.70296,703.02269,2.08018,2.12707,-0.06210,5.06904,-0.08864,3.50166,3.57440,3.87467,-0.04672,9.10418,5.13915,3.78603,-3.98348,-1.72785,1.28598,-0.10882,6.13984,-7.40153,1.41101,0.69862,5.26164,8.24322,-26.48603,33.07859,7.55085,0.00000,0.00000,0.00000,0.00000,0.00000,0.00000,0.00000,0.00000,0.00000
"2025Q4",1007.18502,4024.51547,494.76092,6.44484,1196.74341,4788.14279,583.13718,205.68101,1201.87262,467.96419,-59.97814,578.00797,700.44193,2.06935,2.09569,-0.04537,5.02741,-0.07045,3.45525,3.52901,3.87168,-0.08453,8.74281,5.16534,3.80123,-4.00158,-1.41587,1.31989,-0.12990,-7.93658,-9.09157,-2.38646,-1.42988,4.07318,3.32600,53.59819,-54.77996,-10.32305,0.00000,0.00000,0.00000,0.00000,0.00000,0.00000,0.00000,0.00000,0.00000
"2026Q1",1007.42820,4026.57874,496.32467,7.28606,1199.03416,4791.55913,583.59470,205.35243,1198.73634,468.51351,-58.20114,583.89251,701.67710,2.06327,2.07806,-0.03315,4.98629,-0.05863,3.41634,3.48179,3.86671,-0.12187,8.45809,5.18862,3.80808,-4.02173,-1.17504,1.35111,-0.15502,6.25499,7.10798,-1.31431,3.36488,1.83005,2.19728,-12.54511,23.53816,4.94068,0.00000,0.00000,0.00000,0.00000,0.00000,0.00000,0.00000,0.00000,0.00000
"2026Q2",1007.55579,4028.63859,495.18588,6.57651,1201.10904,4794.94375,584.66385,205.76740,1203.32797,468.88110,-59.89693,582.44492,700.95329,2.05985,2.06816,-0.02422,4.94567,-0.05115,3.38462,3.43947,3.86037,-0.15747,8.23339,5.20867,3.80922,-4.04206,-0.98839,1.37908,-0.18169,-4.55513,-6.78314,1.65988,-2.83824,4.27663,1.47037,18.36651,-5.79037,-2.89525,0.00000,0.00000,0.00000,0.00000,0.00000,0.00000,0.00000,0.00000,0.00000
"2026Q3",1008.52751,4030.69652,496.72737,6.75570,1201.41627,4798.30287,585.97205,206.08703,1196.52906,470.93923,-61.76670,590.85926,702.81440,2.05793,2.06260,-0.01770,4.90556,-0.04662,3.35912,3.40384,3.85316,-0.19059,8.05599,5.22535,3.80655,-4.06145,-0.84370,1.40353,-0.20829,6.16594,-7.47908,1.27852,0.71677,5.23280,8.23253,-27.19564,33.65736,7.44446,0.00000,0.00000,0.00000,0.00000,0.00000,0.00000,0.00000,0.00000,0.00000
"2026Q4",1009.24188,4032.75338,494.74799,6.40081,1200.08219,4801.64166,586.98263,205.46016,1209.78877,471.76560,-64.05737,577.27606,700.20815,2.05685,2.05948,-0.01293,4.86595,-0.04404,3.33878,3.37472,3.84545,-0.22085,7.91615,5.23870,3.80141,-4.07923,-0.73191,1.42436,-0.23378,-7.91752,-9.16267,-2.50748,-1.41956,4.04233,3.30547,53.03883,-54.33281,-10.42500,0.00000,0.00000,0.00000,0.00000,0.00000,0.00000,0.00000,0.00000,0.00000
"2027Q1",1009.48445,4034.80963,496.31522,7.24333,1202.35680,4804.96430,587.43222,205.10434,1206.54273,472.30829,-62.29620,583.24629,701.41956,2.05625,2.05772,-0.00945,4.82682,-0.04273,3.32264,3.35129,3.83752,-0.24809,7.80639,5.24885,3.79479,-4.09506,-0.64623,1.44160,-0.25754,6.26892,7.04466,-1.42328,3.37010,1.79832,2.17077,-12.98414,23.88090,4.84564,0.00000,0.00000,0.00000,0.00000,0.00000,0.00000,0.00000,0.00000,0.00000
"2027Q2",1009.61170,4036.86553,495.17898,6.53427,1204.41893,4808.27419,588.49344,205.49507,1211.04892,472.66845,-64.00575,581.86346,700.67405,2.05591,2.05674,-0.00690,4.78818,-0.04224,3.30989,3.33261,3.82959,-0.27234,7.72094,5.25596,3.78735,-4.10882,-0.58146,1.45537,-0.27924,-4.54495,-6.83821,1.56290,-2.83626,4.24490,1.44062,18.02474,-5.53131,-2.98205,0.00000,0.00000,0.00000,0.00000,0.00000,0.00000,0.00000,0.00000,0.00000
"2027Q3",1010.58322,4038.92125,496.72233,6.71346,1204.71615,4811.57408,589.79388,205.79334,1204.18439,474.71882,-65.88725,590.32564,702.51567,2.05572,2.05618,-0.00504,4.75001,-0.04224,3.29989,3.31780,3.82182,-0.29369,7.65533,5.26027,3.77958,-4.12056,-0.53362,1.46583,-0.29873,6.17338,-7.52601,1.19310,0.71677,5.20174,8.20147,-27.45810,33.84873,7.36648,0.00000,0.00000,0.00000,0.00000,0.00000,0.00000,0.00000,0.00000,0.00000
"2027Q4",1011.29749,4040.97686,494.74431,6.35829,1203.37429,4814.86618,590.79698,205.14784,1217.39480,475.53743,-68.18772,576.77647,699.89214,2.05561,2.05587,-0.00368,4.71232,-0.04252,3.29210,3.30613,3.81435,-0.31233,7.60604,5.26199,3.77183,-4.13036,-0.49959,1.47321,-0.31601,-7.91208,-9.20188,-2.58203,-1.42067,4.01243,3.27446,52.84165,-54.19667,-10.49411,0.00000,0.00000,0.00000,0.00000,0.00000,0.00000,0.00000,0.00000,0.00000
"2028Q1",1011.54000,4043.03242,496.31253,7.20040,1205.64293,4818.15231,591.23947,204.77590,1214.11302,476.07262,-66.43459,582.76938,701.08843,2.05555,2.05570,-0.00269,4.67509,-0.04293,3.28613,3.29700,3.80725,-0.32844,7.57029,5.26136,3.76432,-4.13839,-0.47691,1.47771,-0.33114,6.27289,7.01255,-1.48775,3.36845,1.76994,2.14074,-13.12712,23.97162,4.78514,0.00000,0.00000,0.00000,0.00000,0.00000,0.00000,0.00000,0.00000,0.00000
"2028Q2",1011.66722,4045.08793,495.17702,6.49089,1207.70059,4821.43397,592.29404,205.15281,1218.59479,476.42567,-68.15057,581.39983,700.32983,2.05552,2.05560,-0.00197,4.63832,-0.04338,3.28165,3.28994,3.80060,-0.34226,7.54588,5.25864,3.75722,-4.14482,-0.46363,1.47958,-0.34422,-4.54205,-6.86395,1.50765,-2.83808,4.21829,1.41220,17.92709,-5.47818,-3.03440,0.00000,0.00000,0.00000,0.00000,0.00000,0.00000,0.00000,0.00000,0.00000
"2028Q3",1012.63872,4047.14343,496.72089,6.66964,1207.99457,4824.71238,593.58831,205.43936,1211.71540,478.46943,-70.03710,589.86747,702.16025,2.05550,2.05554,-0.00144,4.60200,-0.04382,3.27841,3.28457,3.79443,-0.35398,7.53101,5.25403,3.75061,-4.14985,-0.45817,1.47904,-0.35542,6.17549,-7.54611,1.14622,0.71503,5.17707,8.17506,-27.51757,33.87057,7.32171,0.00000,0.00000,0.00000,0.00000,0.00000,0.00000,0.00000,0.00000,0.00000
"2028Q4",1013.35298,4049.19892,494.74326,6.31409,1206.65050,4827.98859,594.58576,204.78402,1224.91903,479.28201,-72.34137,576.31723,699.52727,2.05549,2.05551,-0.00105,4.56613,-0.04420,3.27621,3.28060,3.78878,-0.36382,7.52423,5.24776,3.74458,-4.15364,-0.45924,1.47633,-0.36487,-7.91054,-9.21707,-2.62138,-1.42220,3.98981,3.25031,52.81451,-54.20098,-10.53192,0.00000,0.00000,0.00000,0.00000,0.00000,0.00000,0.00000,0.00000,0.00000
"2029Q1",1013.59549,4051.25440,496.31176,7.15590,1208.91780,4831.26346,595.02312,204.40393,1221.63734,479.81176,-70.59097,582.30358,700.71569,2.05548,2.05550,-0.00077,4.53071,-0.04451,3.27487,3.27779,3.78365,-0.37197,7.52432,5.24004,3.73914,-4.15638,-0.46580,1.47166,-0.37273,6.27402,7.00159,-1.52036,3.36721,1.74943,2.11899,-13.12677,23.94540,4.75367,0.00000,0.00000,0.00000,0.00000,0.00000,0.00000,0.00000,0.00000,0.00000
"2029Q2",1013.72269,4053.30988,495.17646,6.44615,1210.97485,4834.53772,596.07309,204.77420,1226.12505,480.15998,-72.30880,580.92289,699.95065,2.05548,2.05549,-0.00056,4.49572,-0.04474,3.27426,3.27594,3.77905,-0.37861,7.53026,5.23105,3.73432,-4.15823,-0.47694,1.46524,-0.37917,-4.54122,-6.87132,1.48107,-2.83899,4.19991,1.39290,17.95087,-5.52277,-3.06015,0.00000,0.00000,0.00000,0.00000,0.00000,0.00000,0.00000,0.00000,0.00000
"2029Q3",1014.69420,4055.36535,496.72048,6.62476,1211.26885,4837.81200,597.36329,205.05545,1219.25661,482.19954,-74.19641,589.37554,701.77593,2.05548,2.05548,-0.00041,4.46116,-0.04488,3.27428,3.27491,3.77498,-0.38392,7.54120,5.22098,3.73011,-4.15931,-0.49194,1.45727,-0.38433,6.17610,-7.55045,1.12499,0.71446,5.16079,8.15822,-27.47380,33.81059,7.30109,0.00000,0.00000,0.00000,0.00000,0.00000,0.00000,0.00000,0.00000,0.00000
"2029Q4",1015.40845,4057.42083,494.74296,6.26916,1209.92533,4841.08683,598.35719,204.39598,1232.47544,483.00851,-76.50114,575.80708,699.13894,2.05548,2.05548,-0.00030,4.42704,-0.04494,3.27483,3.27456,3.77143,-0.38804,7.55641,5.20997,3.72650,-4.15977,-0.51015,1.44793,-0.38834,-7.91009,-9.21890,-2.63786,-1.42243,3.97560,3.23587,52.87533,-54.27382,-10.54796,0.00000,0.00000,0.00000,0.00000,0.00000,0.00000,0.00000,0.00000,0.00000
"2030Q1",1015.65096,4059.47630,496.31154,7.11098,1212.19363,4844.36265,598.79150,204.01282,1229.21258,483.53523,-74.75068,581.77255,700.32436,2.05547,2.05548,-0.00022,4.39333,-0.04491,3.27582,3.27480,3.76838,-0.39111,7.57524,5.19819,3.72347,-4.15971,-0.53103,1.43740,-0.39133,6.27434,7.00182,-1.53265,3.36730,1.73723,2.10687,-13.05144,23.86186,4.74170,0.00000,0.00000,0.00000,0.00000,0.00000,0.00000,0.00000,0.00000,0.00000
"2030Q2",1015.77817,4061.53178,495.17630,6.40133,1214.25205,4847.63986,599.83891,204.38094,1233.72220,483.88098,-76.46803,580.36876,699.55723,2.05547,2.05547,-0.00016,4.36004,-0.04482,3.27720,3.27553,3.76581,-0.39326,7.59715,5.18575,3.72099,-4.15923,-0.55413,1.42583,-0.39342,-4.54099,-6.86941,1.47248,-2.83860,4.18963,1.38301,18.03850,-5.61515,-3.06851,0.00000,0.00000,0.00000,0.00000,0.00000,0.00000,0.00000,0.00000,0.00000
"2030Q3",1016.74967,4063.58725,496.72036,6.58011,1214.54776,4850.91877,601.12700,204.66085,1226.87826,485.91859,-78.35484,588.79650,701.38121,2.05547,2.05547,-0.00012,4.32716,-0.04466,3.27891,3.27669,3.76371,-0.39460,7.62165,5.17278,3.71905,-4.15842,-0.57903,1.41337,-0.39472,6.17627,-7.54721,1.11964,0.71511,5.15237,8.15044,-27.37579,33.71098,7.29591,0.00000,0.00000,0.00000,0.00000,0.00000,0.00000,0.00000,0.00000,0.00000
"2030Q4",1017.46392,4065.64272,494.74287,6.22472,1213.20622,4854.19966,602.11923,204.00075,1240.12376,486.72611,-80.65849,575.20169,698.74362,2.05547,2.05547,-0.00009,4.29468,-0.04443,3.28089,3.27821,3.76204,-0.39523,7.64832,5.15940,3.71761,-4.15735,-0.60539,1.40015,-0.39531,-7.90997,-9.21461,-2.64037,-1.42154,3.96893,3.23009,52.98203,-54.37926,-10.55034,0.00000,0.00000,0.00000,0.00000,0.00000,0.00000,0.00000,0.00000,0.00000
"2031Q1",1017.70643,4067.69820,496.31148,7.06683,1215.47673,4857.48277,602.55228,203.61759,1236.88938,487.25185,-78.90676,581.13964,699.92907,2.05547,2.05547,-0.00006,4.26261,-0.04416,3.28311,3.28003,3.76078,-0.39523,7.67680,5.14568,3.71663,-4.15608,-0.63291,1.38629,-0.39529,6.27443,7.00691,-1.53267,3.36840,1.73221,2.10296,-12.93755,23.75180,4.74177,0.00000,0.00000,0.00000,0.00000,0.00000,0.00000,0.00000,0.00000,0.00000
"2031Q2",1017.83364,4069.75367,495.17625,6.35750,1217.53757,4860.76829,603.59882,203.98624,1241.42895,487.59706,-80.62269,579.70745,699.16249,2.05547,2.05547,-0.00005,4.23093,-0.04383,3.28552,3.28211,3.75992,-0.39470,7.70675,5.13173,3.71609,-4.15466,-0.66131,1.37190,-0.39474,-4.54092,-6.86374,1.47462,-2.83731,4.18617,1.38084,18.15829,-5.72877,-3.06630,0.00000,0.00000,0.00000,0.00000,0.00000,0.00000,0.00000,0.00000,0.00000
"2031Q3",1018.80515,4071.80915,496.72033,6.53664,1217.83585,4864.05638,604.88641,204.26715,1234.61613,489.63454,-82.50798,588.10613,700.98748,2.05547,2.05547,-0.00003,4.19964,-0.04347,3.28809,3.28440,3.75941,-0.39369,7.73788,5.11761,3.71595,-4.15314,-0.69038,1.35709,-0.39373,6.17632,-7.54113,1.12365,0.71657,5.15035,8.14989,-27.25127,33.59473,7.29997,0.00000,0.00000,0.00000,0.00000,0.00000,0.00000,0.00000,0.00000,0.00000