"Variables ->","ln_y_star","ln_y_star_sm","ln_ipei","ln_cpi_nosub","ln_y","ln_y_sm","ln_cpi_sub","ln_s","ln_bm","ln_cpi","ln_z","ln_v","ln_ipei_q","d4_ln_y_star","d4_ln_y_star_sm","d4_ln_ipei","i_star","d4_ln_cpi_nosub","d4_ln_y","d4_ln_y_sm","d4_ln_cpi_sub","d4_ln_s","d4_ln_bm","i","d4_ln_cpi","d4_ln_z","d4_ln_v","r","d4_ln_ipei_q","dla_ipei","dla_z","dla_s","dla_cpi_nosub","dla_cpi_sub","dla_cpi","dla_bm","dla_v","dla_ipei_q","s_d4_ln_y_star","s_d4_ln_ipei","s_i_star","s_d4_ln_cpi_nosub","s_d4_ln_y","s_d4_ln_cpi_sub","s_d4_ln_s","s_d4_ln_bm","s_i"
"Comments ->","Producto Interno Bruto Real EEUU (Logaritmo)","Producto Interno Bruto Real EEUU, Suma movil de 4 trimestres (Logaritmo)","Índice de Precios de transables (Logaritmo)","Indice Inflación No subyacente (Logaritmo)","Producto Interno Bruto Real Guatemala (Logaritmo)","Producto Interno Bruto Real Guatemala, Suma movil de 4 trimestres (Logaritmo)","Indice Inflación Subyacente Optima MSE (Logaritmo)","Tipo de Cambio Nominal (Logaritmo)","Base Monetaria (Logaritmo)","Indice de Precios al Consumidor (Logaritmo)","Indice Tipo de Cambio Real (Logaritmo)","Velocidad de circulacion de la Base Monetaria(Logaritmo)","Índice de Precios de Transables GTQ (Logaritmo)","Tasa de Variación Interanual del PIB de EEUU","Tasa de Variación Interanual de la suma de 4 Trimestres del PIB de EEUU","Tasa de Variación Interanual del Índice de Precios de Transables","Tasa de Interes de fondos federales","Inflacion No Subyacente Interanual","Tasa de Variación Interanual del PIB de Guatemala","Tasa de Variación Interanual de la suma de 4 Trimestres del PIB de Guatemala","Inflación Subyacente Optima MSE Interanual","Tasa de Variación Interanual del Tipo de Cambio Nominal","Tasa de Variación Interanual de la Base Monetaria","Tasa de Interes Lider de Politica Monetaria","Inflacion Total Internual","Tasa de Variación Interanual del Tipo de Cambio Real","Tasa de Variación Interanual de la Velocidad de circulacion de la Base Monetaria","Tasa de interes real de Politica Monetaria","Tasa de Variación Interanual del Índice de Precios de Transables en GTQ","Tasa de Variación Intertrimestral Anualizada del Índice de Precios de Transables","Tasa de Variación Intertrimestral Anualizada del Tipo de Cambio Real","Tasa de Variación Intertrimestral Anualizada del Tipo de Cambio Nominal","Inflacion No Subyacente Intertrimestral Anualizada","Inflacion Subyacente Optima MSE Intertrimestral Anualizada","Inflacion Total Intertrimestral Anualizada","Tasa de Variación Intertrimestral Anualizada de la Base Monetaria","Tasa de Variación Intertrimestral Anualizada de la Velocidad de circulacion de la Base Monetaria","Tasa de Variación Intertrimestral Anualizada del Índice de Precios de Transables en GTQ","Shock de crecimiento externo","Shock de precios de transables","Shock de tasa de interes externa","Choque de inflacion no subyacente","Choque de demanda agregada","Choque de inflacion subyacente","Choque cambiario nominal","Choque monetario","Choque de Politica Monetaria"
"Class[Size] ->","tseries[110-by-1]","tseries[110-by-1]","tseries[110-by-1]","tseries[110-by-1]","tseries[110-by-1]","tseries[110-by-1]","tseries[110-by-1]","tseries[110-by-1]","tseries[110-by-1]","tseries[110-by-1]","tseries[110-by-1]","tseries[110-by-1]","tseries[110-by-1]","tseries[110-by-1]","tseries[110-by-1]","tseries[110-by-1]","tseries[110-by-1]","tseries[110-by-1]","tseries[110-by-1]","tseries[110-by-1]","tseries[110-by-1]","tseries[110-by-1]","tseries[110-by-1]","tseries[110-by-1]","tseries[110-by-1]","tseries[110-by-1]","tseries[110-by-1]","tseries[110-by-1]","tseries[110-by-1]","tseries[110-by-1]","tseries[110-by-1]","tseries[110-by-1]","tseries[110-by-1]","tseries[110-by-1]","tseries[110-by-1]","tseries[110-by-1]","tseries[110-by-1]","tseries[110-by-1]","tseries[110-by-1]","tseries[110-by-1]","tseries[110-by-1]","tseries[110-by-1]","tseries[110-by-1]","tseries[110-by-1]","tseries[110-by-1]","tseries[110-by-1]","tseries[110-by-1]"
".endhist","2023Q4","2023Q4","2023Q4","2023Q4","2023Q4","2023Q4","2023Q4","2023Q4","2023Q4","2023Q4","2023Q4","2023Q4","2023Q4","2023Q4","2023Q4","2023Q4","2023Q4","2023Q4","2023Q4","2023Q4","2023Q4","2023Q4","2023Q4","2023Q4","2023Q4","2023Q4","2023Q4","2023Q4","2023Q4","2023Q4","2023Q4","2023Q4","2023Q4","2023Q4","2023Q4","2023Q4","2023Q4","2023Q4","2023Q4","2023Q4","2023Q4","2023Q4","2023Q4","2023Q4","2023Q4","2023Q4","2023Q4"
"2004Q1",964.06922,3849.32633,459.00909,-0.13367,1122.93624,4467.85534,488.19262,205.19788,962.23321,365.47833,-0.21087,1.62737,664.20698,NaN,NaN,NaN,NaN,NaN,NaN,NaN,NaN,NaN,NaN,NaN,NaN,NaN,NaN,NaN,NaN,NaN,NaN,NaN,NaN,NaN,NaN,NaN,NaN,NaN,NaN,NaN,NaN,NaN,NaN,NaN,NaN,NaN,NaN
"2004Q2",964.23957,3852.13453,460.78362,-0.00000,1120.04446,4472.74003,489.29521,203.81390,964.78777,366.55613,0.00000,-0.00000,664.59751,NaN,NaN,NaN,NaN,NaN,NaN,NaN,NaN,NaN,NaN,NaN,NaN,NaN,NaN,NaN,NaN,NaN,NaN,NaN,NaN,NaN,NaN,NaN,NaN,NaN,NaN,NaN,NaN,NaN,NaN,NaN,NaN,NaN,NaN
"2004Q3",964.60870,3855.04258,462.34644,0.00000,1117.91744,4477.74085,490.09928,204.28029,966.41744,367.73783,-0.00000,-0.00000,666.62673,NaN,NaN,NaN,NaN,NaN,NaN,NaN,NaN,NaN,NaN,NaN,NaN,NaN,NaN,NaN,NaN,NaN,NaN,NaN,NaN,NaN,NaN,NaN,NaN,NaN,NaN,NaN,NaN,NaN,NaN,NaN,NaN,NaN,NaN
"2004Q4",965.10000,3858.01749,463.30255,0.13367,1121.92668,4482.82483,491.39782,205.17423,973.94995,369.62133,0.21087,-1.62737,668.47678,2.97491,NaN,6.78572,2.58876,-0.15313,5.08397,NaN,4.83489,-0.80919,16.73448,2.47960,NaN,NaN,NaN,NaN,NaN,NaN,NaN,NaN,NaN,NaN,NaN,NaN,NaN,NaN,NaN,NaN,NaN,NaN,NaN,NaN,NaN,NaN,NaN
"2005Q1",967.05920,3861.00747,466.28397,-0.14096,1128.05393,4487.94252,493.45676,204.11910,979.09954,370.73518,0.72109,-4.85713,670.40307,2.98998,2.92029,7.27488,2.66000,-0.00729,5.11769,5.02179,5.26414,-1.07878,16.86633,2.63667,5.25685,0.93196,-6.48450,-3.35084,6.19609,11.92567,2.04086,-4.22053,-1.09851,8.23575,4.45541,20.59837,-12.91904,7.70514,0.65268,1.07377,0.05295,-0.26408,0.05521,0.08109,-0.24565,0.33906,-0.02460
"2005Q2",967.55062,3864.31852,468.12732,0.19340,1125.35004,4493.24809,495.01800,202.85860,981.87129,372.47232,0.66562,-6.05515,670.98592,3.31105,3.04600,7.34370,3.13667,0.19340,5.30558,5.12702,5.72279,-0.95530,17.08352,2.85985,5.91619,0.66562,-6.05515,-3.42725,6.38841,7.37340,-0.22187,-5.04200,1.33744,6.24496,6.94856,11.08700,-4.79208,2.33140,0.96707,0.49684,0.43283,-0.21367,0.05413,0.09234,-0.18975,0.67573,-0.05469
"2005Q3",968.33138,3868.04120,470.26472,0.54847,1123.54617,4498.87682,496.34791,202.81465,982.92692,374.53492,0.20402,-4.63213,673.07937,3.72268,3.24965,7.91828,3.62333,0.54847,5.62873,5.28399,6.24863,-1.46564,16.50948,3.33671,6.79709,0.20402,-4.63213,-3.32873,6.45264,8.54960,-1.84641,-0.17580,1.42025,5.31964,8.25040,4.22252,5.69209,8.37380,1.23623,0.78457,0.43339,-0.07845,0.10010,0.16580,-0.63450,0.34428,0.04656
"2005Q4",968.88536,3871.82656,471.00826,0.77503,1127.54751,4504.49765,498.10827,203.25153,989.74180,376.97313,-0.71657,-5.08795,674.25979,3.78536,3.45227,7.70571,4.04667,0.64136,5.62083,5.41821,6.71045,-1.92270,15.79185,3.90152,7.35180,-0.92744,-3.46058,-2.98896,5.78301,2.97416,-3.68235,1.74752,0.90625,7.04144,9.75284,27.25952,-1.82327,4.72168,1.11626,0.23981,0.37950,-0.18744,0.06248,0.16948,-0.85955,0.50074,0.08595
"2006Q1",970.22177,3874.98913,471.33099,0.18197,1132.85217,4509.29589,500.40484,203.03386,995.52633,378.00619,-2.26521,-9.53760,674.36485,3.16257,3.49541,5.04702,4.66333,0.32293,4.79824,5.33834,6.94808,-1.08524,16.42679,4.25000,7.27101,-2.98630,-4.68047,-2.43056,3.96178,1.29092,-6.19458,-0.87068,-2.37222,9.18628,4.13224,23.13812,-17.79862,0.42024,0.46565,-1.69037,0.60468,-0.35537,-0.15966,0.09410,-0.47711,1.76692,-0.04076
"2006Q2",970.48019,3877.91870,473.90189,0.74917,1128.22461,4512.17046,501.74074,202.72693,999.06761,379.75083,-0.41422,-13.65416,676.62882,2.92957,3.40004,5.77457,4.98667,0.55577,2.87457,4.73059,6.72274,-0.13167,17.19632,4.45152,7.27851,-1.07984,-7.59901,-2.19014,5.64290,10.28360,7.40397,-1.22772,2.26880,5.34360,6.97856,14.16512,-16.46624,9.05588,0.50901,1.02020,0.34099,-0.15679,-1.84244,-0.23052,0.42723,2.65175,-0.08518
"2006Q3",970.63003,3880.21735,475.06384,0.44377,1129.95008,4518.57437,502.82034,202.68299,1000.46113,380.90265,-1.60095,-9.29000,677.74683,2.29865,3.04404,4.79912,5.32000,-0.10470,6.40391,4.92439,6.47243,-0.13166,17.53421,4.92857,6.36773,-1.80497,-4.65787,-1.41862,4.66746,4.64780,-4.74693,-0.17576,-1.22163,4.31840,4.60728,5.57408,17.45665,4.47204,-0.01852,-0.04855,0.38107,-0.89251,2.62515,-0.34511,-1.04911,1.61785,0.13618
"2006Q4",971.48581,3882.81780,473.01608,-0.36919,1135.09617,4526.12303,503.82518,202.90249,1009.96415,381.54582,-4.77470,-12.04473,675.91857,2.60045,2.74781,2.00782,5.26333,-1.14422,7.54866,5.40634,5.71691,-0.34904,20.22235,5.00000,4.57269,-4.05813,-6.95678,-0.55846,1.65878,-8.19104,-12.69499,0.87800,-3.25183,4.01936,2.57268,38.01208,-11.01891,-7.31304,0.56324,-2.60538,-0.06715,-0.95383,1.79231,-0.63931,-1.49354,3.83723,0.00067
"2007Q1",971.78619,3884.38222,473.90224,0.98195,1138.89687,4532.16773,506.01766,203.99202,1013.89362,384.41899,-4.34862,-16.24737,677.89426,1.56442,2.34827,2.57125,5.34667,0.79998,6.04470,5.71796,5.61282,0.95816,18.36729,5.00758,6.41280,-2.08341,-6.70977,-0.45737,3.52941,3.54464,1.70430,4.35812,5.40458,8.76992,11.49268,15.71788,-16.81058,7.90276,-0.60671,1.09913,0.18479,1.29698,1.38781,-0.39068,1.58039,0.35693,-0.10854
"2007Q2",972.39609,3886.29812,476.75182,0.55617,1135.30677,4539.24989,507.50137,203.60097,1014.44289,385.31846,-2.45088,-16.18665,680.35279,1.91590,2.09485,2.84993,5.29333,-0.19300,7.08216,6.76986,5.76063,0.87404,15.37528,5.42857,5.56763,-2.03666,-2.53249,-0.10055,3.72397,11.39832,7.59097,-1.56420,-1.70312,5.93484,3.59788,2.19708,0.24288,9.83412,0.20449,0.24268,-0.01338,-1.16621,1.71027,0.22786,-0.88765,-0.53836,0.10911
"2007Q3",972.97047,3888.63856,478.52647,0.50348,1135.61336,4544.91317,508.93905,203.86173,1017.91521,387.08107,-3.07829,-14.96209,682.38820,2.34044,2.10530,3.46263,4.94000,0.05971,5.66328,6.58470,6.11871,1.17874,17.45408,5.50833,6.17842,-1.47734,-5.67209,-0.38827,4.64137,7.09860,-2.50965,1.04304,-0.21079,5.75072,7.05044,13.88928,4.89825,8.14164,0.47307,0.40953,-0.33068,0.05147,0.07019,0.38284,0.55256,4.32506,-0.00515
"2007Q4",973.59674,3890.74949,481.65794,1.02135,1139.85803,4549.67503,510.61962,203.64333,1020.15014,389.73080,-2.18644,-10.67442,685.30127,2.11093,1.98292,8.64186,4.10667,1.39054,4.76186,5.88800,6.79444,0.74084,10.18599,6.01569,8.18498,2.58826,1.37031,-0.79877,9.38270,12.52588,3.56741,-0.87360,2.07149,6.72228,10.59892,8.93972,17.15069,11.65228,0.05517,5.48721,-0.74090,0.56585,0.01275,0.46204,1.26919,-3.65928,0.14427
"2008Q1",973.16906,3892.13236,484.97957,1.71876,1141.78409,4552.56225,513.66876,203.94774,1020.48301,392.80690,-0.96667,-12.29844,688.92731,1.38287,1.93754,11.07733,2.91333,0.73681,2.88722,5.09863,7.65110,-0.04428,6.58939,6.51190,8.38791,3.38195,3.94893,-1.10735,11.03305,13.28652,4.87906,1.21764,2.78966,12.19656,12.30440,1.33148,-6.49610,14.50416,-0.57104,4.53177,-1.07802,-0.82498,-1.02278,0.78836,0.06947,-0.89936,0.21871
"2008Q2",973.76272,3893.49899,490.95263,3.21454,1140.91759,4558.17307,516.21880,201.31056,1017.84975,396.69426,0.74209,-5.26526,692.26319,1.36663,1.80022,14.20081,2.27333,2.65837,5.61082,4.73079,8.71743,-2.29041,3.40686,6.75000,11.37580,3.19297,10.92139,-1.85804,11.91040,23.89224,6.83505,-10.54872,5.98312,10.20016,15.54944,-10.53304,28.13272,13.34352,-0.26422,5.53674,-0.55165,1.47726,3.04685,0.40949,0.07913,-1.17715,-0.30032
"2008Q3",973.23608,3893.76460,491.87361,3.46825,1138.72749,4561.28720,518.66265,200.64189,1019.92091,399.76944,-2.67459,-4.13006,692.51550,0.26561,1.28151,13.34714,2.02000,2.96477,3.11413,4.09351,9.72360,-3.21984,2.00570,7.12681,12.68837,0.40370,10.83203,-1.95575,10.12730,3.68392,-13.66673,-2.67468,1.01481,9.77540,12.30072,8.28464,4.54081,1.00924,-1.35803,3.26214,-0.11999,0.44405,0.49540,0.57903,-0.58788,0.66387,-0.23325
"2008Q4",971.02274,3891.19060,479.03898,1.80220,1142.67018,4564.09935,520.31825,203.16036,1022.57571,400.21028,-14.98700,-0.58921,682.19934,-2.57400,0.11028,-2.61896,0.29333,0.78085,2.81215,3.60608,9.69863,-0.48297,2.42557,7.25000,10.47948,-12.80056,10.08521,0.37021,-3.10193,-51.33852,-49.24963,10.07388,-6.66419,6.62240,1.76336,10.61920,14.16341,-41.26464,-3.70908,-10.00642,-1.55828,0.15186,2.65755,0.34753,0.75396,-0.02519,0.21243
"2009Q1",969.88138,3887.90292,473.84820,-0.01423,1141.66326,4563.97852,521.65491,207.47835,1020.67395,399.06006,-16.55358,-4.62406,681.32655,-3.28768,-1.05736,-11.13137,0.20333,-1.73299,-0.12083,2.85407,7.98615,3.53061,0.19094,6.87727,6.25316,-15.58691,7.67438,2.29457,-7.60076,-20.76312,-6.26634,17.27196,-7.26570,5.34664,-4.60088,-7.60704,-16.13942,-3.49116,-3.16273,-6.85950,0.04782,-1.31707,-0.59123,-0.34396,0.86954,-3.19449,-0.15070
"2009Q2",969.70256,3883.84276,476.26600,-0.76167,1139.95989,4563.02082,522.34242,209.26846,1025.48527,398.84167,-12.11026,-7.73486,685.53446,-4.06016,-2.41406,-14.68663,0.20333,-3.97621,-0.95770,1.21194,6.12362,7.95790,7.63552,5.80303,2.14741,-12.85235,-2.46960,2.62877,-6.72873,9.67120,17.77329,7.16044,-2.98976,2.75004,-0.87356,19.24528,-12.44320,16.83164,-3.61852,-3.54753,0.19752,-1.82149,0.11797,-0.20723,2.14647,4.64389,-0.29616
"2009Q3",970.05314,3880.65982,478.39187,-1.36188,1140.10337,4564.39670,523.15791,211.05930,1027.18022,399.43457,-10.23418,-5.51823,689.45117,-3.18294,-3.27619,-13.48174,0.13333,-4.83013,1.37588,0.77737,4.49526,10.41741,7.25931,4.86430,-0.33487,-7.55959,-1.38817,2.53057,-3.06433,8.50348,7.50431,7.16336,-2.40087,3.26196,2.37160,6.77980,8.86653,15.66684,-2.39853,-0.70347,0.07095,-1.31492,1.41281,-0.24304,1.96708,-2.91527,-0.24028
"2009Q4",971.12826,3880.76534,480.29973,-2.31528,1144.85779,4566.58431,523.92023,211.94602,1031.41000,399.69478,-8.54257,-3.63391,692.24575,0.10552,-2.60631,1.26075,0.09667,-4.11748,2.18761,0.62124,3.60198,8.78566,8.83429,4.50000,-0.51550,6.44443,-3.04470,0.62808,10.04641,7.63144,6.76645,3.54688,-3.81359,3.04928,1.04084,16.91912,7.53729,11.17832,0.50068,10.59686,0.01018,-1.38613,-1.04030,-0.07059,1.09686,0.21065,0.12762
"2010Q1",971.61159,3882.49555,482.08065,-0.98951,1144.63700,4569.55805,525.20747,210.15367,1033.37777,401.63734,-9.19837,-10.80158,692.23432,1.73021,-1.35184,8.23245,0.11333,-0.97528,2.97374,1.39488,3.55256,2.67532,12.70382,4.50000,2.57728,7.35521,-6.17752,-0.34311,10.90777,7.12368,-2.62322,-7.16940,5.30310,5.14896,7.77024,7.87108,-28.67070,-0.04572,0.66617,6.21898,0.01209,1.67485,-0.06332,-0.54741,-2.50367,2.65940,0.14293
"2010Q2",972.57452,3885.36751,482.88633,-0.97723,1143.04185,4572.64001,526.26346,208.02744,1032.45866,402.54715,-10.65199,-7.70525,690.91377,2.87196,0.38119,6.62033,0.16000,-0.21556,3.08196,2.40480,3.92104,-1.24102,6.97339,4.50000,3.70548,1.45827,0.02961,-0.17843,5.37931,3.22272,-5.81447,-8.50492,0.04912,4.22396,3.63924,-3.67644,12.38532,-5.28220,1.08699,-1.05885,-0.05219,0.61626,-1.17839,-0.14257,-3.28024,-5.27741,-0.14156
"2010Q3",973.34265,3888.65702,482.47427,-1.44697,1141.89136,4574.42800,527.15676,208.40070,1034.12125,403.34833,-12.80923,-6.67242,690.87497,3.28951,1.99930,4.08240,0.18000,-0.08509,1.78799,2.50782,3.99885,-2.65860,6.94103,4.50000,3.91376,-2.57505,-1.15419,0.13389,1.42380,-1.64824,-8.62897,1.49304,-1.87899,3.57320,3.20472,6.65036,4.13133,-0.15520,0.99790,-2.29382,-0.08346,0.40903,-2.18618,-0.11561,-1.54187,-0.51680,0.08723
"2010Q4",973.86639,3891.39515,485.23380,-1.50217,1148.05262,4577.62283,528.03411,208.10978,1038.71161,404.62177,-11.55862,-3.62681,693.34358,2.73813,2.65745,4.93407,0.17667,0.81311,3.19483,2.75963,4.11388,-3.83624,7.30161,4.50000,4.92699,-3.01605,0.00710,-0.04651,1.09783,11.03812,5.00245,-1.16368,-0.22079,3.50940,5.09376,18.36144,12.18245,9.87444,0.26124,1.12879,-0.02569,0.75685,0.47169,-0.18695,-0.69988,-0.05109,0.03315
"2011Q1",973.62890,3893.41246,489.76767,-0.50001,1148.54381,4581.52964,529.56624,205.78772,1043.62698,406.48561,-10.23607,-12.78521,695.55539,2.01731,2.72923,7.68702,0.14333,0.48950,3.90681,2.99290,4.35877,-4.36595,10.24921,4.50000,4.84827,-1.03770,-1.98363,-0.68506,3.32107,18.13548,5.29018,-9.28824,4.00866,6.12852,7.45536,19.66148,-36.63362,8.84724,-0.21491,3.64932,-0.00070,-0.66129,0.73234,-0.00354,-0.73113,3.01895,0.08322
"2011Q2",974.30320,3895.14114,493.81473,0.17276,1147.44653,4585.93432,531.12551,203.98781,1043.85147,408.55919,-8.62527,-9.83133,697.80254,1.72868,2.44341,10.92840,0.08667,1.14999,4.40468,3.32358,4.86205,-4.03963,11.39281,4.75000,6.01204,2.02672,-2.12608,-1.22434,6.88877,16.18824,6.44321,-7.19964,2.69108,6.23708,8.29432,0.89796,11.81552,8.98860,-0.18369,4.77105,-0.01637,0.06056,0.96277,-0.07516,0.63615,1.99812,0.32537
"2011Q3",974.28089,3896.07938,493.55452,0.28697,1147.46804,4591.51100,532.47203,205.58195,1042.45313,410.39754,-9.86300,-4.11235,699.13647,0.93824,1.85559,11.08025,0.08333,1.73394,5.57668,4.27075,5.31527,-2.81875,8.33188,4.91667,7.04921,2.94623,2.56007,-1.26843,8.26150,-1.04084,-4.95093,6.37656,0.45681,5.38608,7.35340,-5.59336,22.87593,5.33572,-0.84606,3.03639,0.06521,0.27600,2.51597,-0.31376,1.15404,-2.01342,0.16077
"2011Q4",975.39768,3897.61067,492.86588,-0.91483,1151.61094,4595.06932,533.55672,205.66807,1046.60516,410.73172,-11.89086,-2.43943,698.53395,1.53129,1.55388,7.63208,0.07667,0.58734,3.55832,4.36162,5.52261,-2.44171,7.89355,5.50000,6.10995,-0.33224,1.18738,-0.32861,5.19037,-2.75456,-8.11143,0.34448,-4.80719,4.33876,1.33672,16.60812,6.69169,-2.41008,0.09774,-1.34961,-0.04173,-0.72131,-0.89811,-0.05597,-0.76491,0.25244,0.59117
"2012Q1",976.23277,3900.21454,493.52192,-0.61191,1152.28897,4598.81448,534.67593,205.06901,1049.20403,411.48340,-12.31022,-9.50741,698.59093,2.60387,1.70052,3.75425,0.10000,-0.11190,3.74516,4.32121,5.10969,-0.71871,5.57705,5.50000,4.99779,-2.07415,3.27780,0.53302,3.03554,2.62416,-1.67746,-2.39624,1.21170,4.47684,3.00672,10.39548,-28.27194,0.22792,0.90716,-3.31190,-0.08431,-0.18888,-0.53776,-0.45310,0.72970,-1.95796,0.20214
"2012Q2",976.67811,3902.58945,493.02138,-0.74670,1150.09177,4601.45972,535.85244,205.28239,1047.76254,412.36666,-12.85097,-6.37023,698.30377,2.37491,1.86208,-0.79335,0.13667,-0.91946,2.64524,3.88135,4.72693,1.29458,3.91107,5.50000,3.80747,-4.22570,3.46110,1.44883,0.50123,-2.00216,-2.16299,0.85352,-0.53916,4.70604,3.53304,-5.76596,12.54872,-1.14864,0.20226,-4.29782,-0.03202,-0.21320,-0.97086,-0.14653,0.94757,-2.28887,0.30599
"2012Q3",976.82204,3905.13060,491.98969,-1.45378,1149.94572,4603.93740,537.12062,206.59836,1048.08090,413.30538,-15.06001,-2.61385,698.58805,2.54115,2.26280,-1.56483,0.11667,-1.74075,2.47768,3.10660,4.64859,1.01641,5.62777,5.00000,2.90784,-5.19701,1.49850,1.01821,-0.54842,-4.12676,-8.83617,5.26388,-2.82835,5.07272,3.75488,1.27344,15.02553,1.13712,0.47010,-1.84618,-0.08404,-0.61884,-0.96038,0.38920,-0.64030,0.75793,-0.25221
"2012Q4",976.93761,3906.67053,492.61967,-2.37762,1155.10812,4607.43458,538.26880,206.43274,1056.28858,413.98101,-16.08448,-3.91359,699.05241,1.53993,2.26496,-0.24621,0.14333,-1.46279,3.49718,3.09131,4.71208,0.76467,9.68342,5.00000,3.24929,-4.19362,-1.47416,0.68743,0.51846,2.51992,-4.09787,-0.66248,-3.69535,4.59272,2.70252,32.83072,-5.19895,1.85744,-0.60489,0.99556,0.06077,-0.06126,1.15699,0.28022,0.00268,2.63548,0.28124
"2013Q1",977.91934,3908.35710,493.06152,-1.42744,1155.17580,4610.32141,539.53498,205.96545,1057.41630,415.52692,-16.73323,-9.97380,699.02697,1.68657,2.03564,-0.46040,0.12667,-0.81553,2.88683,2.87673,4.85905,0.89644,8.21227,5.00000,4.04352,-4.42301,-0.46639,0.67979,0.43604,1.76740,-2.59502,-1.86916,3.80074,5.06472,6.18364,4.51088,-24.24086,-0.10176,-0.01397,-0.73580,-0.03784,0.48510,-0.47274,0.29308,0.33088,-1.60127,0.16086
"2013Q2",978.18662,3909.86561,492.08772,-1.16442,1154.44398,4614.67362,540.57292,205.45497,1058.55720,416.66942,-18.33253,-8.09220,697.54269,1.50851,1.81904,-0.93366,0.10000,-0.41772,4.35221,3.30348,4.72048,0.17258,10.79466,5.25000,4.30276,-5.48156,-1.72197,1.03825,-0.76108,-3.89520,-6.39719,-2.04192,1.05208,4.15176,4.57000,4.56360,7.52640,-5.93712,-0.25710,-0.83440,-0.03254,0.38515,1.48573,0.00283,-0.51655,1.98287,0.42192
"2013Q3",979.03441,3912.07798,491.85772,-1.31090,1153.63686,4618.36476,541.33628,206.47313,1058.00543,417.66392,-19.53287,-4.63158,698.33085,2.21237,1.73685,-0.13197,0.07333,0.14288,3.69114,3.60684,4.21566,-0.12523,9.92453,5.25000,4.35854,-4.47286,-2.01773,1.29410,-0.25720,-0.92000,-4.80137,4.07264,-0.58595,3.05344,3.97800,-2.20708,13.84249,3.15264,0.52577,-0.35519,-0.08141,0.47559,-0.52198,-0.33739,-0.08325,-0.11199,0.17126
"2013Q4",979.90237,3915.04274,491.15101,-1.88199,1157.91808,4621.17472,542.07020,206.76928,1062.10762,418.27804,-21.01800,-3.12127,697.92029,2.96476,2.09305,-1.46866,0.07000,0.49563,2.80996,3.43503,3.80140,0.33654,5.81904,5.00000,4.29703,-4.93352,0.79232,1.61499,-1.13212,-2.82684,-5.94051,1.18460,-2.28435,2.93568,2.45648,16.40876,6.04125,-1.64224,0.96583,-2.68469,-0.10929,0.67077,-1.47176,-0.24327,0.41503,-3.24801,-0.09716
"2014Q1",979.55668,3916.68008,492.26837,-1.16775,1159.25706,4625.25598,542.84015,205.15349,1057.59359,419.09178,-21.64351,-2.76466,697.42186,1.63734,2.08075,-0.79315,0.06333,0.25969,4.08126,3.73364,3.30517,-0.81196,0.17729,5.00000,3.56486,-4.91028,7.20914,1.99125,-1.60511,4.46944,-2.50206,-6.46316,2.85698,3.07980,3.25496,-18.05612,1.42642,-1.99372,-0.69545,0.45443,0.02804,-0.16616,1.64608,-0.35032,-1.18682,-6.34155,-0.00167
"2014Q2",980.84025,3919.33371,492.36723,-1.08330,1158.66413,4629.47613,543.64888,204.89751,1061.46650,419.82650,-21.68644,-3.70539,697.26474,2.65363,2.36703,0.27951,0.08667,0.08112,4.22015,3.70063,3.07596,-0.55746,2.90930,4.75000,3.15708,-3.35391,4.38681,1.64937,-0.27795,0.39544,-0.17171,-1.02392,0.33780,3.23492,2.93888,15.49164,-3.76292,-0.62848,0.90986,-0.38520,-0.05808,0.08429,0.27810,-0.06231,0.63028,1.28855,0.05444
"2014Q3",982.04831,3922.34761,491.55618,-0.84091,1157.85492,4633.69419,544.32749,204.98298,1063.15606,421.12512,-24.31577,-2.57294,696.53916,3.01390,2.56741,-0.30154,0.07333,0.46999,4.21806,3.83236,2.99121,-1.49015,5.15063,4.50000,3.46120,-4.78290,2.05864,1.47589,-1.79169,-3.24420,-10.51733,0.34188,0.96953,2.71444,5.19448,6.75824,4.52981,-2.90232,0.81917,-1.70252,-0.10030,0.74184,0.29054,-0.07876,-0.42362,1.03755,-0.03640
"2014Q4",982.55277,3924.99801,488.04941,-1.47695,1162.77205,4638.54816,544.93113,203.20861,1067.02204,421.54401,-30.54120,-0.32079,691.25802,2.65040,2.48882,-3.10160,0.07000,0.40504,4.85397,4.34336,2.86093,-3.56067,4.91442,4.33333,3.26597,-9.52320,2.80048,1.78762,-6.66227,-14.02708,-24.90171,-7.09748,-2.54415,2.41456,1.67556,15.46392,9.00861,-21.12456,0.29581,-3.60489,-0.07239,0.54407,1.19231,-0.05689,-2.32825,-1.49582,-0.12778
"2015Q1",983.44922,3928.89055,483.42570,-1.55985,1163.82077,4643.11187,545.59955,203.33970,1071.07768,421.45908,-35.05937,-8.92564,686.76540,3.89254,3.05262,-8.84267,0.06000,-0.39210,4.56371,4.46397,2.75940,-1.81379,13.48409,3.83333,2.36730,-13.41586,-6.16098,1.88796,-10.65646,-18.49484,-18.07270,0.52436,-0.33158,2.67368,-0.33972,16.22256,-34.41942,-17.97048,1.69924,-8.44065,-0.21780,0.43642,-0.64286,0.40230,0.58061,7.25526,0.01881
"2015Q2",984.06672,3932.11702,483.46267,-1.36261,1161.74423,4646.19197,546.40202,203.81824,1075.60149,422.30033,-34.42341,-12.00714,687.28091,3.22647,3.19583,-8.90456,0.08000,-0.27931,3.08010,4.17896,2.75314,-1.07927,14.13499,3.50000,2.47383,-12.73697,-8.30175,1.53880,-9.98383,0.14788,2.54385,1.91416,0.78896,3.20988,3.36500,18.09524,-12.32600,2.06204,0.48199,-3.07820,-0.05702,0.31470,-1.38509,0.57030,0.11885,0.99373,-0.08522
"2015Q3",984.46616,3934.53487,481.57569,-1.63410,1162.65631,4650.99336,547.15267,203.64522,1075.87343,423.15711,-38.45920,-7.66374,685.22091,2.41785,3.04682,-9.98049,0.07667,-0.79319,4.80139,4.32479,2.82518,-1.33776,12.71737,3.25000,2.03199,-14.14343,-5.09080,1.40764,-11.31825,-7.54792,-16.14317,-0.69208,-1.08599,3.00260,3.42712,1.08776,17.37361,-8.24000,-0.03107,-3.66001,-0.05072,-0.22485,1.15150,0.65572,-1.19082,-1.75409,-0.14431
"2015Q4",984.65047,3936.63257,479.32325,-1.76903,1166.37966,4654.60097,547.79224,203.44789,1080.23493,424.11304,-41.88919,-7.06496,682.77114,2.09770,2.90864,-8.72616,0.11667,-0.29208,3.60761,4.01320,2.86111,0.23928,13.21289,3.00000,2.56903,-11.34799,-6.74417,0.94682,-8.48688,-9.00976,-13.71995,-0.78932,-0.53971,2.55828,3.82372,17.44600,2.39513,-9.79908,0.00760,-1.62158,0.00846,0.46856,-0.42334,0.58319,1.40751,0.04684,0.02023
"2016Q1",985.22832,3938.41167,476.94067,-0.17050,1165.48317,4656.26337,548.42362,203.80820,1080.45597,425.67250,-43.89997,-13.81746,680.74887,1.77910,2.38028,-6.48503,0.27667,1.38935,1.66240,3.28787,2.82407,0.46850,9.37829,3.00000,4.21342,-8.84060,-4.89182,0.80600,-6.01653,-9.53032,-8.04314,1.44124,6.39414,2.52552,6.23784,0.88416,-27.01002,-8.08908,-0.16894,-0.18000,0.15399,1.49421,-1.49606,0.25337,1.00243,-3.75355,0.00131
"2016Q2",985.54893,3939.89388,478.54776,0.16674,1165.37913,4659.89827,549.07522,203.81277,1083.96586,426.50288,-42.01699,-14.06341,682.36053,1.48221,1.94422,-4.91491,0.29667,1.52935,3.63490,3.42657,2.67320,-0.00547,8.36437,3.00000,4.20255,-7.59358,-2.05627,0.71431,-4.92038,6.42836,7.53193,0.01828,1.34896,2.60640,3.32152,14.03956,-0.98380,6.44664,-0.32446,-0.17779,0.02658,0.33028,1.22094,0.12932,-0.07783,-1.64438,-0.02574
"2016Q3",986.25582,3941.68354,479.25454,0.37836,1164.70482,4661.94678,549.67505,202.21836,1084.98229,427.69195,-44.72959,-12.20171,681.47290,1.78966,1.78717,-2.32115,0.29667,2.01246,2.04851,2.73835,2.52238,-1.42686,9.10886,3.00000,4.53484,-6.27039,-4.53797,0.43943,-3.74801,2.82712,-10.85041,-6.37764,0.84645,2.39932,4.75628,4.06572,7.44681,-3.55052,0.11473,0.83985,-0.01359,0.58607,-1.35217,0.04786,-0.70294,0.50793,-0.04321
"2016Q4",986.80858,3943.84165,479.71172,0.19678,1169.58993,4665.15705,550.28013,201.52156,1090.02507,428.56674,-45.91494,-11.15694,681.23328,2.15811,1.80227,0.38847,0.39000,1.96581,3.21027,2.63902,2.48789,-1.92633,9.79014,3.00000,4.45370,-4.02575,-4.09198,0.05933,-1.53786,1.82872,-4.74139,-2.78720,-0.72631,2.42032,3.49916,20.17112,4.17909,-0.95848,0.34675,1.37584,0.06894,0.01568,0.03673,-0.01616,-0.20469,0.67460,-0.01058
"2017Q1",987.29429,3945.90762,480.62265,1.10460,1170.09038,4669.76426,551.00125,200.56059,1092.20422,429.52523,-46.04323,-18.38087,681.18324,2.06597,1.87399,3.68198,0.65000,1.27510,4.60721,3.37522,2.57763,-3.24761,11.74825,3.00000,3.85273,-2.14326,-4.56341,-0.53694,0.43437,3.64372,-0.51318,-3.84388,3.63130,2.88448,3.83396,8.71660,-28.89574,-0.20016,0.09112,2.83260,0.26730,-0.88192,1.02747,-0.05149,-1.55220,1.84813,-0.05581
"2017Q2",987.85260,3948.21129,480.68768,1.76573,1167.83577,4672.22090,551.52199,199.33693,1095.31356,430.54864,-46.79968,-20.50770,680.02461,2.30367,2.07935,2.13992,0.90667,1.59899,2.45664,3.08066,2.44677,-4.47584,11.34770,3.00000,4.04576,-4.78269,-6.44429,-0.21320,-2.33592,0.26012,-3.02579,-4.89464,2.64452,2.08296,4.09364,12.43736,-8.50732,-4.63452,0.36971,-1.45553,0.20957,0.54538,-1.68963,-0.43230,-1.71372,-0.41714,-0.04193
"2017Q3",988.63804,3950.59351,481.21683,2.74235,1167.76435,4675.28043,551.96587,198.71142,1095.68726,432.34676,-48.56506,-17.55633,679.92825,2.38222,2.22749,1.96229,1.06667,2.36399,3.05953,3.33341,2.29082,-3.50694,10.70497,3.00000,4.65481,-3.83547,-5.35462,-0.04715,-1.54465,2.11660,-7.06153,-2.50204,3.90645,1.77552,7.19248,1.49480,11.80549,-0.38544,0.34278,-0.43762,0.12726,0.93273,-0.16095,-0.50808,0.88586,-0.52529,0.07551
"2017Q4",989.75878,3953.54371,482.63485,2.67399,1171.62232,4677.31282,552.54422,199.32062,1100.73598,433.30804,-47.45684,-17.57137,681.95547,2.95020,2.42552,2.92313,1.15667,2.47721,2.03239,3.03894,2.26409,-2.20094,10.71091,2.83333,4.74130,-1.54190,-6.41443,-0.33603,0.72219,5.67208,4.43289,2.43680,-0.27343,2.31340,3.84512,20.19488,-0.06015,8.10888,0.87591,0.19367,0.02905,0.33953,-2.00162,-0.24224,1.25152,0.77666,-0.07505
"2018Q1",990.56890,3956.81832,483.88424,3.17973,1172.72995,4679.95239,553.16982,199.67801,1102.75354,433.76893,-45.83279,-24.12205,683.56225,3.27461,2.72768,3.26159,1.45333,2.07513,2.63957,2.54703,2.16857,-0.88258,10.54932,2.75000,4.24370,0.21044,-5.74118,-0.41458,2.37901,4.99756,6.49618,1.42956,2.02298,2.50240,1.84356,8.07024,-26.20274,6.42712,0.94828,-0.26125,0.22785,-0.14904,-1.15468,-0.33830,0.98831,0.24891,-0.01031
"2018Q2",991.09832,3960.06404,484.99047,3.34779,1172.01488,4684.13150,553.79689,200.72267,1101.21142,434.40560,-43.38605,-19.95155,685.71314,3.24572,2.96319,4.30279,1.76667,1.58206,4.17911,2.97765,2.27490,1.38574,5.89786,2.75000,3.85696,3.41363,0.55615,-0.51739,5.68853,4.42492,9.78697,4.17864,0.67224,2.50828,2.54668,-6.16848,16.68200,8.60356,0.77544,0.67331,0.26851,-0.42286,0.27012,-0.21402,2.16338,-4.61623,0.03928
"2018Q3",991.72008,3963.14608,484.90587,3.63410,1171.20437,4687.57152,554.51846,202.10441,1101.65724,435.79110,-44.03562,-17.53370,687.01028,3.08204,3.13814,3.68904,2.00000,0.89175,3.44002,3.07277,2.55259,3.39299,5.96998,2.75000,3.44434,4.52944,0.02263,-0.63288,7.08203,-0.33840,-2.59829,5.52696,1.14521,2.88628,5.54200,1.78328,9.67141,5.18856,0.62458,-0.60037,0.19116,-0.39365,-0.67121,0.04412,2.15766,-1.15930,0.16090
"2018Q4",991.86162,3965.24892,484.06086,3.39453,1174.78149,4690.73069,555.03451,204.35960,1107.98326,436.51887,-43.48214,-19.16919,688.42046,2.10284,2.92630,1.42601,2.26667,0.72054,3.15917,3.35447,2.49029,5.03898,7.24728,2.75000,3.21083,3.97470,-1.59782,-0.31160,6.46499,-3.38004,2.21393,9.02076,-0.95827,2.06420,2.91108,25.30408,-6.54195,5.64072,-0.28199,-1.60692,0.27959,0.15168,0.24807,-0.30941,1.97854,-0.75483,0.21922
"2019Q1",992.40326,3967.08328,483.51732,5.04844,1176.40784,4694.40858,555.45816,204.37010,1109.13839,437.92598,-43.79596,-24.54067,687.88742,1.83436,2.56624,-0.36692,2.41000,1.86871,3.67789,3.61405,2.28834,4.69209,6.38485,2.75000,4.15705,2.03683,-0.41862,0.12937,4.32517,-2.17416,-1.25530,0.04200,6.61566,1.69460,5.62844,4.62052,-21.48594,-2.13216,-0.11596,-1.82446,0.14650,1.47048,0.94936,-0.52150,1.10659,-2.60115,0.02941
"2019Q2",993.22950,3969.21446,484.03656,5.64171,1175.72703,4698.12073,556.09262,203.76124,1111.50361,438.99525,-43.59712,-24.23586,687.79780,2.13118,2.28760,-0.95391,2.41667,2.29392,3.71215,3.49731,2.29573,3.03857,10.29219,2.75000,4.58965,-0.21107,-4.28431,0.11263,2.08466,2.07696,0.79537,-2.43544,2.37308,2.53784,4.27708,9.46088,1.21924,-0.35848,0.29999,-1.41115,-0.01266,0.91411,0.30637,-0.11000,-0.28351,2.77593,-0.03438
"2019Q3",994.35531,3971.84969,483.09409,4.57422,1175.16869,4702.08505,556.58954,203.91670,1114.51378,438.80230,-46.10619,-24.35484,687.01079,2.63523,2.17590,-1.81178,2.14333,0.94012,3.96432,3.62838,2.07108,1.81229,12.85654,2.75000,3.01120,-2.07057,-6.82114,0.27258,0.00051,-3.76988,-10.03629,0.62184,-4.26999,1.98768,-0.77180,12.04068,-0.47591,-3.14804,0.67233,-2.14732,-0.32441,-0.73545,-0.49233,-0.02810,-1.14326,2.25613,0.05361
"2019Q4",994.99459,3974.98266,482.72647,4.16280,1179.17202,4706.47558,557.05763,204.36297,1120.95858,439.31026,-46.83628,-25.73086,687.08944,3.13297,2.43343,-1.33439,1.56333,0.76827,4.39053,3.93622,2.02312,0.00337,12.97532,2.75000,2.79139,-3.35414,-6.56167,0.22753,-1.33102,-1.47048,-2.92035,1.78508,-1.64567,1.87236,2.03184,25.77920,-5.50407,0.31460,0.94641,-1.25671,-0.64502,0.13667,-0.39346,0.02243,-0.98007,0.06524,0.07069
"2020Q1",993.62235,3976.20175,481.87667,4.52651,1177.16475,4707.23249,557.56341,203.82095,1121.21947,439.50930,-48.09101,-33.75959,685.69762,1.21909,2.27962,-1.64065,1.08333,-0.52193,0.75691,3.20598,2.10525,-0.54915,12.08108,2.75000,1.58332,-4.29505,-9.21892,0.20496,-2.18980,-3.39920,-5.01894,-2.16808,1.45486,2.02312,0.79616,1.04356,-32.11494,-5.56728,-1.18834,-0.06562,-0.39749,-1.17304,-2.60076,0.31812,-1.31701,-1.23311,0.17751
"2020Q2",985.40257,3968.37482,478.02404,5.74239,1166.27934,4697.78480,557.99517,204.13679,1127.68625,440.99848,-51.13664,-47.96364,682.16083,-7.82693,-0.20991,-6.01252,0.06000,0.10068,-9.44769,-0.08398,1.90255,0.37555,16.18264,2.00000,2.00323,-7.53952,-23.72778,0.07722,-5.63697,-15.41052,-12.18251,1.26336,4.86352,1.72704,5.95672,25.86712,-56.81620,-14.14716,-9.38510,2.93789,-0.36609,0.36597,-3.91345,-0.18097,-0.31038,1.77218,-0.11582
"2020Q3",992.87549,3966.89500,480.91869,6.57951,1173.76955,4696.38566,558.51294,204.37373,1133.69382,442.73099,-49.74796,-43.01062,685.29242,-1.47982,-1.23867,-2.17540,0.09333,2.00529,-1.39914,-1.42485,1.92340,0.45703,19.18004,1.75000,3.92869,-3.64177,-18.65578,-0.76804,-1.71837,11.57860,5.55471,0.94776,3.34845,2.07108,6.93004,24.03028,19.81209,12.52636,0.97604,1.06933,-0.03940,1.56082,-0.91276,-0.04583,1.57993,3.41777,-0.04319
"2020Q4",993.90539,3965.80580,481.94885,7.19133,1181.46362,4698.67726,559.10794,205.29025,1141.85320,444.38910,-48.73693,-42.28357,687.23910,-1.08920,-2.29421,-0.77762,0.09000,3.02853,2.29160,-1.94958,2.05031,0.92728,20.89462,1.75000,5.07884,-1.90065,-16.55271,-1.06688,0.14966,4.12064,4.04413,3.66608,2.44729,2.38000,6.63244,32.63752,2.90821,7.78672,-1.44977,1.66445,0.09362,0.83936,1.59271,-0.21912,1.03651,2.55884,0.10749
"2021Q1",995.18272,3967.36617,486.16573,7.71508,1181.54374,4703.05625,559.91072,204.79336,1142.41247,445.04518,-45.17685,-48.22629,690.95909,1.56037,-2.20889,4.28906,0.08000,3.18857,4.37899,-1.04406,2.34731,0.97241,21.19300,1.75000,5.53588,2.91416,-14.46670,-1.98061,5.26147,16.86752,14.24030,-1.98756,2.09502,3.21112,2.62432,2.23708,-23.77090,14.87996,1.02647,3.51094,-0.06358,-0.17345,-0.19098,0.00197,0.93492,2.91799,-0.02557
"2021Q2",996.69103,3978.65463,490.30783,7.75623,1180.60084,4717.37775,560.63130,204.42457,1143.58589,445.64845,-41.20120,-46.90565,694.73240,11.28846,2.56995,12.28379,0.07000,2.01384,14.32150,4.89824,2.63613,0.28778,15.89964,1.75000,4.64997,9.93544,1.05799,-3.18714,12.57157,16.56840,15.90261,-1.47516,0.16460,2.88232,2.41308,4.69368,5.28256,15.09324,9.57885,0.20213,-0.67140,-1.12022,1.15673,-0.05057,1.38266,-1.41218,-0.20625
"2021Q3",997.50211,3983.28125,492.23902,7.36477,1181.63203,4725.24023,561.36131,204.62006,1145.41659,446.36462,-41.02967,-44.02254,696.85908,4.62662,4.09656,11.32033,0.09000,0.78526,7.86248,7.21364,2.84837,0.24633,11.72277,1.75000,3.63363,8.71829,-1.01192,-3.10973,11.56666,7.72476,0.68611,0.78196,-1.56587,2.92004,2.86468,7.32280,11.53245,8.50672,-1.39968,2.72870,0.12293,-1.47777,0.93975,-0.60145,-0.69382,-4.52619,0.01688
"2021Q4",999.18464,3988.56050,494.26388,6.64568,1186.21145,4729.98806,562.58028,204.50337,1153.61753,447.31579,-40.68112,-45.82773,698.76725,5.27925,5.68867,12.31503,0.08000,-0.54565,4.74783,7.82770,3.47234,-0.78688,11.76433,1.75000,2.92669,8.05581,-3.54416,-3.69610,11.52815,8.09944,1.39421,-0.46676,-2.87635,4.87588,3.80468,32.80376,-7.22075,7.63268,2.20904,1.31109,-0.16343,-1.49541,-2.76317,0.13986,-0.93940,-0.50514,0.03663
"2022Q1",998.68572,3992.06350,498.74451,6.59926,1186.19885,4734.64317,564.31008,204.10237,1153.66100,448.32872,-37.68842,-50.42035,702.84688,3.50300,6.17433,12.57878,0.12000,-1.11582,4.65511,7.89673,4.39936,-0.69099,11.24853,1.75000,3.28354,7.48843,-2.19406,-4.34077,11.88779,17.92252,11.97078,-1.60400,-0.18566,6.91920,4.05172,0.17388,-18.37050,16.31852,0.14319,2.61896,0.03785,-1.10279,0.23720,0.22149,0.08877,-2.24349,0.06615
"2022Q2",998.54435,3993.91682,503.38526,7.34363,1184.96101,4739.00334,566.86157,203.98207,1156.84967,451.46612,-34.79654,-49.57899,707.36733,1.85332,3.81555,13.07743,0.77000,-0.41260,4.36017,5.40640,6.23027,-0.44250,13.26378,2.00000,5.81767,6.40466,-2.67334,-5.38145,12.63493,18.56300,11.56753,-0.48120,2.97748,10.20596,12.54960,12.75468,3.36544,18.08180,-0.71830,3.66784,0.71608,-0.17891,1.16103,0.93342,0.48547,0.21389,0.06023
"2022Q3",999.20081,3995.61552,500.70639,7.73413,1185.34271,4742.71402,569.38438,204.85963,1158.44422,454.75705,-40.34580,-45.31642,705.56602,1.69870,3.08357,8.46737,2.19000,0.36936,3.71068,4.36845,8.02307,0.23957,13.02763,2.66667,8.39243,0.68387,-1.29388,-5.17621,8.70694,-10.71548,-22.19705,3.51024,1.56197,10.09124,13.16372,6.37820,17.05029,-7.20524,-0.14090,-1.82437,1.40558,0.49036,0.29488,1.08344,-0.18127,-1.29634,0.07867
"2022Q4",999.83422,3996.26510,498.52533,6.72532,1189.65420,4746.15677,571.45632,206.03910,1164.71438,456.27147,-43.75998,-44.60579,704.56443,0.64958,1.92615,4.26145,3.65333,0.07964,3.44275,4.04218,8.87604,1.53573,11.09685,3.50000,8.95568,-3.07886,1.22194,-4.22374,5.79718,-8.72424,-13.65671,4.71788,-4.03523,8.28776,6.05768,25.08064,2.84253,-4.00636,-1.12141,-1.67190,1.53481,-0.48629,0.91668,0.71023,-0.43879,-2.76502,0.10714
"2023Q1",1000.38906,3997.96844,497.31051,6.97206,1189.97499,4749.93291,572.95859,205.77723,1165.80592,457.35003,-46.09607,-50.14062,703.08774,1.70334,1.47623,-1.43400,4.51667,0.37280,3.77614,3.82243,8.64851,1.67486,12.14492,4.41667,9.02131,-8.40765,0.27973,-2.33403,0.24086,-4.85928,-9.34438,-1.04748,0.98698,6.00908,4.31424,4.36616,-22.13934,-5.90676,0.39788,-5.49444,0.81633,0.73091,0.23069,0.06181,-0.66388,0.20599,0.30675
"2023Q2",1000.89888,4000.32297,496.19220,6.40246,1188.79876,4753.77066,574.17956,205.61236,1168.92470,457.84294,-47.67730,-50.49828,701.80456,2.35453,1.60154,-7.19306,4.99000,-0.94117,3.83775,3.69183,7.31799,1.63029,12.07503,4.91667,6.37682,-12.88076,-0.91929,-0.16363,-5.56277,-4.47324,-6.32491,-0.65948,-2.27840,4.88388,1.97164,12.47512,-1.43064,-5.13272,0.58148,-7.08452,0.41060,-0.55955,-0.48819,-0.41448,-1.84811,-0.39405,0.08651
"2023Q3",1002.08568,4003.20784,496.41223,6.18047,1189.01022,4757.43817,575.40173,206.16591,1169.32245,459.22074,-49.35103,-46.50979,702.57814,2.88487,1.89808,-4.29416,5.26000,-1.55366,3.66751,3.68104,6.01735,1.30628,10.87823,5.00000,4.46369,-9.00523,-1.19337,0.37950,-2.98788,0.88012,-6.69493,2.21420,-0.88799,4.88868,5.51120,1.59100,15.95397,3.09432,0.82286,-0.01865,0.26123,-0.93881,-0.94784,-0.34030,-0.92139,-0.82973,-0.18266
"2023Q4",1002.87530,4006.24892,495.63145,5.89071,1193.64926,4761.43323,576.67936,205.81431,1175.36134,460.65990,-52.10169,-46.03465,701.44576,3.04108,2.49596,-2.89388,5.33000,-0.83461,3.99506,3.81911,5.22304,-0.22479,10.64696,5.00000,4.38843,-8.34171,-1.42886,0.72703,-3.11867,-3.12312,-11.00263,-1.40640,-1.15903,5.11052,5.75664,24.15556,1.90057,-4.52952,0.74374,-0.75281,0.06338,0.47455,-0.12602,-0.30800,-1.23442,-0.28976,-0.22540
"2024Q1",1002.75571,4008.61557,495.58566,6.33405,1193.68878,4765.14702,577.81233,205.71121,1176.23696,461.56576,-52.74068,-52.00413,701.29687,2.36665,2.66178,-1.72485,5.27865,-0.63802,3.71379,3.80353,4.85374,-0.06602,10.43104,5.10168,4.21573,-6.64461,-1.86350,0.92038,-1.79087,-0.18315,-2.55598,-0.41239,1.77336,4.53189,3.62343,3.50246,-23.87791,-0.59555,0.00000,0.00000,0.00000,0.00000,0.00000,0.00000,0.00000,0.00000,0.00000
"2024Q2",1002.96627,4010.68296,495.35590,5.92648,1192.39661,4768.74487,578.77012,205.68789,1179.00982,461.95752,-53.02864,-52.39499,701.04379,2.06739,2.59000,-0.83630,5.22796,-0.47598,3.59785,3.74355,4.59056,0.07553,10.08512,5.18057,4.11458,-5.35133,-1.89671,1.06286,-0.76077,-0.91904,-1.15181,-0.09330,-1.63026,3.83116,1.56707,11.09148,-1.56345,-1.01234,0.00000,0.00000,0.00000,0.00000,0.00000,0.00000,0.00000,0.00000,0.00000
"2024Q3",1004.02027,4012.61755,496.25130,5.83396,1192.54589,4772.28055,579.80588,206.36046,1178.99595,463.27839,-53.72156,-48.24347,702.61176,1.93459,2.35243,-0.16093,5.17792,-0.34650,3.53567,3.71059,4.40415,0.19455,9.67350,5.24359,4.05765,-4.37053,-1.73368,1.16967,0.03362,3.58158,-2.77171,2.69031,-0.37008,4.14303,5.28346,-0.05549,16.60609,6.27188,0.00000,0.00000,0.00000,0.00000,0.00000,0.00000,0.00000,0.00000,0.00000
"2024Q4",1004.75097,4014.49322,495.98384,5.64438,1197.13891,4775.77020,580.95233,206.10409,1184.60099,464.68655,-55.73249,-47.51166,702.08793,1.87567,2.06107,0.35239,5.12853,-0.24632,3.48966,3.58424,4.27297,0.28978,9.23965,5.29521,4.02665,-3.63080,-1.47702,1.25119,0.64217,-1.06981,-8.04370,-1.02549,-0.75831,4.58581,5.63265,22.42014,2.92720,-2.09530,0.00000,0.00000,0.00000,0.00000,0.00000,0.00000,0.00000,0.00000,0.00000
"2025Q1",1004.60523,4016.34274,496.32822,6.16244,1197.13714,4779.21856,581.99364,206.07350,1185.04915,465.57545,-55.81714,-53.18666,702.40172,1.84952,1.93179,0.74256,5.07977,-0.17161,3.44836,3.51789,4.18130,0.36228,8.81219,5.33821,4.00969,-3.07646,-1.18253,1.31443,1.10484,1.37751,-0.33862,-0.12238,2.07221,4.16521,3.55560,1.79266,-22.69998,1.25513,0.00000,0.00000,0.00000,0.00000,0.00000,0.00000,0.00000,0.00000,0.00000
"2025Q2",1004.80418,4018.18066,496.39502,5.80807,1195.80578,4782.62772,582.88783,206.10229,1187.41909,465.95682,-55.69283,-53.27739,702.49730,1.83792,1.87442,1.03911,5.03164,-0.11841,3.40916,3.47071,4.11771,0.41440,8.40927,5.37430,3.99930,-2.66419,-0.88240,1.36410,1.45351,0.26718,0.49725,0.11516,-1.41746,3.57678,1.52548,9.47977,-0.36291,0.38234,0.00000,0.00000,0.00000,0.00000,0.00000,0.00000,0.00000,0.00000,0.00000
"2025Q3",1005.85304,4020.01342,497.51581,5.75104,1195.91801,4785.99984,583.87981,206.80948,1187.03756,467.26939,-56.08195,-48.83903,704.32530,1.83277,1.84897,1.26452,4.98413,-0.08292,3.37211,3.42982,4.07392,0.44902,8.04161,5.40451,3.99100,-2.36039,-0.59557,1.40329,1.71354,4.48319,-1.55648,2.82879,-0.22812,3.96790,5.25028,-1.52614,17.75341,7.31198,0.00000,0.00000,0.00000,0.00000,0.00000,0.00000,0.00000,0.00000,0.00000
"2025Q4",1006.58145,4021.84391,497.41968,5.58274,1200.47675,4789.33767,584.99636,206.57325,1192.31581,468.66893,-57.87151,-47.84463,703.99293,1.83048,1.83767,1.43584,4.93723,-0.06164,3.33784,3.39187,4.04402,0.46916,7.71482,5.42947,3.98238,-2.13902,-0.33296,1.43407,1.90500,-0.38452,-7.15825,-0.94494,-0.67321,4.46620,5.59815,21.11300,3.97762,-1.32946,0.00000,0.00000,0.00000,0.00000,0.00000,0.00000,0.00000,0.00000,0.00000
"2026Q1",1006.43470,4023.67338,497.89428,6.11097,1200.44401,4792.64455,586.01741,206.55118,1192.48018,469.54776,-57.79718,-53.28704,704.44546,1.82947,1.83266,1.56606,4.89094,-0.05147,3.30687,3.35650,4.02377,0.47768,7.43103,5.44955,3.97231,-1.98003,-0.10038,1.45778,2.04374,1.89838,0.29734,-0.08829,2.11292,4.08422,3.51531,0.65748,-21.76965,1.81010,0.00000,0.00000,0.00000,0.00000,0.00000,0.00000,0.00000,0.00000,0.00000
"2026Q2",1006.63320,4025.50240,498.06005,5.75838,1199.08532,4795.92409,586.89803,206.57947,1194.60909,469.91733,-57.56081,-53.17764,704.63952,1.82902,1.83044,1.66503,4.84524,-0.04970,3.27954,3.32409,4.01020,0.47718,7.19000,5.46501,3.96051,-1.86798,0.09974,1.47535,2.14222,0.66308,0.94546,0.11317,-1.41037,3.52249,1.47828,8.51565,0.43759,0.77626,0.00000,0.00000,0.00000,0.00000,0.00000,0.00000,0.00000,0.00000,0.00000
"2026Q3",1007.68186,4027.33122,499.25608,5.69701,1199.17396,4799.18004,587.88103,207.27940,1194.02755,471.21658,-57.87299,-48.57185,706.53548,1.82882,1.82945,1.74026,4.80013,-0.05403,3.25595,3.29505,4.00122,0.46992,6.98999,5.47609,3.94719,-1.79104,0.26718,1.48739,2.21018,4.78411,-1.24872,2.79972,-0.24548,3.93197,5.19700,-2.32619,18.42316,7.58382,0.00000,0.00000,0.00000,0.00000,0.00000,0.00000,0.00000,0.00000,0.00000
"2026Q4",1008.41018,4029.15995,499.21713,5.52016,1203.71278,4802.41607,588.99175,207.03102,1199.14412,472.60175,-59.61170,-47.44152,706.24815,1.82873,1.82901,1.79744,4.75561,-0.06258,3.23603,3.26960,3.99540,0.45777,6.82831,5.48298,3.93282,-1.74018,0.40311,1.49441,2.25521,-0.15580,-6.95482,-0.99352,-0.70738,4.44291,5.54068,20.46631,4.52135,-1.14932,0.00000,0.00000,0.00000,0.00000,0.00000,0.00000,0.00000,0.00000,0.00000
"2027Q1",1008.26340,4030.98864,499.73518,6.03720,1203.66363,4805.63568,590.00917,206.99348,1199.18195,473.46575,-59.50573,-52.77743,706.72867,1.82869,1.82882,1.84090,4.71165,-0.07377,3.21962,3.24778,3.99176,0.44231,6.70178,5.48593,3.91799,-1.70855,0.50961,1.49679,2.28321,2.07223,0.42387,-0.15014,2.06815,4.06968,3.45601,0.15133,-21.34367,1.92209,0.00000,0.00000,0.00000,0.00000,0.00000,0.00000,0.00000,0.00000,0.00000
"2027Q2",1008.46188,4032.81732,499.93399,5.67201,1202.29179,4808.84215,590.88770,207.00424,1201.21601,473.82063,-59.25178,-52.58842,706.93823,1.82868,1.82873,1.87394,4.66826,-0.08636,3.20647,3.22952,3.98967,0.42477,6.60691,5.48518,3.90331,-1.69096,0.58922,1.49488,2.29871,0.79522,1.01582,0.04303,-1.46074,3.51411,1.41953,8.13621,0.75606,0.83824,0.00000,0.00000,0.00000,0.00000,0.00000,0.00000,0.00000,0.00000,0.00000
"2027Q3",1009.51053,4034.64598,501.15512,5.59763,1202.37026,4812.03845,591.86972,207.68554,1200.56777,475.10589,-59.55650,-47.92709,708.84066,1.82867,1.82869,1.89904,4.62543,-0.09938,3.19630,3.21460,3.98869,0.40614,6.54023,5.48101,3.88932,-1.68351,0.64477,1.48902,2.30518,4.88454,-1.21892,2.72519,-0.29754,3.92807,5.14104,-2.59295,18.64534,7.60973,0.00000,0.00000,0.00000,0.00000,0.00000,0.00000,0.00000,0.00000,0.00000
"2027Q4",1010.23885,4036.47465,501.13525,5.40809,1206.90159,4815.22726,592.98033,207.41818,1205.64239,476.47825,-61.29498,-46.76240,708.55343,1.82866,1.82867,1.91813,4.58315,-0.11207,3.18881,3.20280,3.98857,0.38716,6.49827,5.47374,3.87650,-1.68329,0.67911,1.47955,2.30529,-0.07947,-6.95392,-1.06944,-0.75815,4.44242,5.48942,20.29849,4.65872,-1.14891,0.00000,0.00000,0.00000,0.00000,0.00000,0.00000,0.00000,0.00000,0.00000
"2028Q1",1010.09206,4038.30331,501.66782,5.91331,1206.84732,4818.41095,593.99831,207.36187,1205.65972,477.33100,-61.19386,-52.08237,709.02968,1.82866,1.82867,1.93263,4.54142,-0.12389,3.18369,3.19382,3.98914,0.36838,6.47777,5.46368,3.86525,-1.68812,0.69506,1.46681,2.30102,2.13025,0.40451,-0.22524,2.02088,4.07195,3.41101,0.06932,-21.27987,1.90500,0.00000,0.00000,0.00000,0.00000,0.00000,0.00000,0.00000,0.00000,0.00000
"2028Q2",1010.29054,4040.13197,501.87765,5.53757,1205.47244,4821.59161,594.87800,207.35445,1207.69166,477.67649,-60.94821,-51.89312,709.23210,1.82866,1.82866,1.94366,4.50022,-0.13444,3.18066,3.18736,3.99030,0.35021,6.47565,5.45116,3.85586,-1.69643,0.69530,1.45114,2.29387,0.83932,0.98259,-0.02967,-1.50295,3.51875,1.38196,8.12774,0.75702,0.80965,0.00000,0.00000,0.00000,0.00000,0.00000,0.00000,0.00000,0.00000,0.00000
"2028Q3",1011.33919,4041.96063,503.10716,5.45416,1205.54967,4824.77102,595.86172,208.01845,1207.05685,478.95442,-61.26355,-47.24475,711.12561,1.82866,1.82866,1.95204,4.45956,-0.14347,3.17942,3.18314,3.99199,0.33291,6.48908,5.43650,3.84852,-1.70705,0.68233,1.43289,2.28495,4.91806,-1.26139,2.65598,-0.33366,3.93485,5.11170,-2.53924,18.59345,7.57404,0.00000,0.00000,0.00000,0.00000,0.00000,0.00000,0.00000,0.00000,0.00000
"2028Q4",1012.06751,4043.78930,503.09366,5.25726,1210.08130,4827.95073,596.97452,207.73482,1212.15786,480.32161,-63.01412,-46.10396,710.82849,1.82866,1.82866,1.95841,4.41942,-0.15083,3.17971,3.18087,3.99419,0.31665,6.51546,5.42004,3.84336,-1.71914,0.65844,1.41241,2.27505,-0.05399,-7.00227,-1.13448,-0.78758,4.45122,5.46879,20.40402,4.56316,-1.18847,0.00000,0.00000,0.00000,0.00000,0.00000,0.00000,0.00000,0.00000,0.00000
"2029Q1",1011.92072,4045.61796,503.63107,5.75686,1210.02862,4831.13203,597.99519,207.66339,1212.21219,481.17142,-62.92596,-51.45667,711.29445,1.82866,1.82866,1.96325,4.37979,-0.15645,3.18130,3.18027,3.99687,0.30152,6.55247,5.40208,3.84042,-1.73210,0.62570,1.39003,2.26477,2.14961,0.35266,-0.28574,1.99840,4.08267,3.39925,0.21734,-21.41082,1.86387,0.00000,0.00000,0.00000,0.00000,0.00000,0.00000,0.00000,0.00000,0.00000
"2029Q2",1012.11920,4047.44662,503.84457,5.37724,1208.65640,4834.31599,598.87802,207.64202,1214.28966,481.51618,-62.69373,-51.30714,711.48659,1.82866,1.82866,1.96693,4.34068,-0.16033,3.18396,3.18109,4.00002,0.28757,6.59800,5.38292,3.83968,-1.74552,0.58597,1.36608,2.25449,0.85404,0.92891,-0.08549,-1.51848,3.53133,1.37900,8.30988,0.59809,0.76855,0.00000,0.00000,0.00000,0.00000,0.00000,0.00000,0.00000,0.00000,0.00000
"2029Q3",1013.16785,4049.27528,505.07688,5.29162,1208.73716,4837.50347,599.86532,208.29322,1213.70706,482.79549,-63.02266,-46.70387,713.37010,1.82866,1.82866,1.96972,4.30206,-0.16253,3.18749,3.18311,4.00361,0.27477,6.65021,5.36284,3.84108,-1.75911,0.54088,1.34086,2.24450,4.92924,-1.31574,2.60481,-0.34246,3.94922,5.11727,-2.33038,18.41310,7.53405,0.00000,0.00000,0.00000,0.00000,0.00000,0.00000,0.00000,0.00000,0.00000
"2029Q4",1013.89617,4051.10394,505.06551,5.09412,1213.27302,4840.69519,600.98215,207.99793,1218.86534,484.16610,-64.78680,-45.61210,713.06344,1.82866,1.82866,1.97185,4.26395,-0.16314,3.19172,3.18612,4.00763,0.26310,6.70748,5.34208,3.84449,-1.77267,0.49186,1.31466,2.23495,-0.04549,-7.05653,-1.18117,-0.79000,4.46729,5.48244,20.63310,4.36708,-1.22665,0.00000,0.00000,0.00000,0.00000,0.00000,0.00000,0.00000,0.00000,0.00000
"2030Q1",1013.74938,4052.93260,505.60453,5.59460,1213.22511,4843.89168,602.00723,207.91588,1218.98058,485.02121,-64.71205,-51.01652,713.52041,1.82866,1.82866,1.97347,4.22633,-0.16226,3.19649,3.18991,4.01205,0.25249,6.76839,5.32089,3.84979,-1.78609,0.44015,1.28775,2.22596,2.15607,0.29900,-0.32818,2.00190,4.10036,3.42043,0.46098,-21.61769,1.82789,0.00000,0.00000,0.00000,0.00000,0.00000,0.00000,0.00000,0.00000,0.00000
"2030Q2",1013.94786,4054.76126,505.81927,5.21720,1211.85806,4847.09335,602.89486,207.88489,1221.12138,485.37298,-64.49301,-50.92036,713.70416,1.82866,1.82866,1.97469,4.18919,-0.16004,3.20166,3.19434,4.01684,0.24287,6.83173,5.29945,3.85680,-1.79928,0.38678,1.26038,2.21756,0.85895,0.87615,-0.12398,-1.50960,3.55051,1.40707,8.56321,0.38464,0.73497,0.00000,0.00000,0.00000,0.00000,0.00000,0.00000,0.00000,0.00000,0.00000
"2030Q3",1014.99651,4056.58992,507.05251,5.13501,1211.94428,4850.30047,603.88730,208.52737,1220.60351,486.66086,-64.83486,-46.37121,715.57988,1.82866,1.82866,1.97563,4.15253,-0.15661,3.20712,3.19925,4.02198,0.23415,6.89645,5.27796,3.86537,-1.81220,0.33266,1.23276,2.20978,4.93298,-1.36742,2.56994,-0.32876,3.96977,5.15152,-2.07150,18.19660,7.50292,0.00000,0.00000,0.00000,0.00000,0.00000,0.00000,0.00000,0.00000,0.00000
"2030Q4",1015.72483,4058.41859,507.04185,4.94200,1216.48578,4853.51323,605.00957,208.22418,1225.82702,488.04140,-66.61163,-45.33360,715.26603,1.82866,1.82866,1.97634,4.11634,-0.15213,3.21276,3.20451,4.02742,0.22626,6.96168,5.25655,3.87529,-1.82483,0.27850,1.20508,2.20259,-0.04265,-7.10705,-1.21275,-0.77206,4.48906,5.52216,20.89405,4.15047,-1.25540,0.00000,0.00000,0.00000,0.00000,0.00000,0.00000,0.00000,0.00000,0.00000
"2031Q1",1015.57804,4060.24725,507.58141,5.44787,1216.44361,4856.73173,606.04037,208.13498,1226.00730,488.90761,-66.54921,-50.79160,715.71638,1.82866,1.82866,1.97688,4.08062,-0.14673,3.21850,3.21001,4.03313,0.21910,7.02671,5.23538,3.88640,-1.83716,0.22492,1.17752,2.19597,2.15823,0.24967,-0.35683,2.02349,4.12320,3.46487,0.72110,-21.83202,1.80140,0.00000,0.00000,0.00000,0.00000,0.00000,0.00000,0.00000,0.00000,0.00000
"2031Q2",1015.77652,4062.07591,507.79655,5.07664,1215.08232,4859.95600,606.93393,208.09747,1228.21233,489.27149,-66.34221,-50.74798,715.89403,1.82866,1.82866,1.97729,4.04536,-0.14056,3.22426,3.21566,4.03907,0.21259,7.09095,5.21453,3.89851,-1.84920,0.17239,1.15022,2.18987,0.86059,0.82800,-0.15001,-1.48491,3.57426,1.45551,8.82015,0.17449,0.71057,0.00000,0.00000,0.00000,0.00000,0.00000,0.00000,0.00000,0.00000,0.00000