"Variables ->","ln_y_star","ln_y_star_sm","ln_ipei","ln_cpi_nosub","ln_y","ln_y_sm","ln_cpi_sub","ln_s","ln_bm","ln_cpi","ln_z","ln_v","ln_ipei_q","d4_ln_y_star","d4_ln_y_star_sm","d4_ln_ipei","i_star","d4_ln_cpi_nosub","d4_ln_y","d4_ln_y_sm","d4_ln_cpi_sub","d4_ln_s","d4_ln_bm","i","d4_ln_cpi","d4_ln_z","d4_ln_v","r","d4_ln_ipei_q","dla_ipei","dla_z","dla_s","dla_cpi_nosub","dla_cpi_sub","dla_cpi","dla_bm","dla_v","dla_ipei_q","dla_y_star","dla_y","s_d4_ln_y_star","s_d4_ln_ipei","s_i_star","s_d4_ln_cpi_nosub","s_d4_ln_y","s_d4_ln_cpi_sub","s_d4_ln_s","s_d4_ln_bm","s_i"
"Comments ->","Producto Interno Bruto Real EEUU (Logaritmo)","Producto Interno Bruto Real EEUU, Suma movil de 4 trimestres (Logaritmo)","Índice de Precios de transables (Logaritmo)","Indice Inflación No subyacente (Logaritmo)","Producto Interno Bruto Real Guatemala (Logaritmo)","Producto Interno Bruto Real Guatemala, Suma movil de 4 trimestres (Logaritmo)","Indice Inflación Subyacente Optima MSE (Logaritmo)","Tipo de Cambio Nominal (Logaritmo)","Base Monetaria (Logaritmo)","Indice de Precios al Consumidor (Logaritmo)","Indice Tipo de Cambio Real (Logaritmo)","Velocidad de circulacion de la Base Monetaria(Logaritmo)","Índice de Precios de Transables GTQ (Logaritmo)","Tasa de Variación Interanual del PIB de EEUU","Tasa de Variación Interanual de la suma de 4 Trimestres del PIB de EEUU","Tasa de Variación Interanual del Índice de Precios de Transables","Tasa de Interes de fondos federales","Inflacion No Subyacente Interanual","Tasa de Variación Interanual del PIB de Guatemala","Tasa de Variación Interanual de la suma de 4 Trimestres del PIB de Guatemala","Inflación Subyacente Optima MSE Interanual","Tasa de Variación Interanual del Tipo de Cambio Nominal","Tasa de Variación Interanual de la Base Monetaria","Tasa de Interes Lider de Politica Monetaria","Inflacion Total Internual","Tasa de Variación Interanual del Tipo de Cambio Real","Tasa de Variación Interanual de la Velocidad de circulacion de la Base Monetaria","Tasa de interes real de Politica Monetaria","Tasa de Variación Interanual del Índice de Precios de Transables en GTQ","Tasa de Variación Intertrimestral Anualizada del Índice de Precios de Transables","Tasa de Variación Intertrimestral Anualizada del Tipo de Cambio Real","Tasa de Variación Intertrimestral Anualizada del Tipo de Cambio Nominal","Inflacion No Subyacente Intertrimestral Anualizada","Inflacion Subyacente Optima MSE Intertrimestral Anualizada","Inflacion Total Intertrimestral Anualizada","Tasa de Variación Intertrimestral Anualizada de la Base Monetaria","Tasa de Variación Intertrimestral Anualizada de la Velocidad de circulacion de la Base Monetaria","Tasa de Variación Intertrimestral Anualizada del Índice de Precios de Transables en GTQ","Tasa de Variación Intertrimestral Anualizada del producto externo","Tasa de Variación Intertrimestral Anualizada del producto doméstico","Shock de crecimiento externo","Shock de precios de transables","Shock de tasa de interes externa","Choque de inflacion no subyacente","Choque de demanda agregada","Choque de inflacion subyacente","Choque cambiario nominal","Choque monetario","Choque de Politica Monetaria"
"Class[Size] ->","tseries[111-by-1]","tseries[111-by-1]","tseries[111-by-1]","tseries[111-by-1]","tseries[111-by-1]","tseries[111-by-1]","tseries[111-by-1]","tseries[111-by-1]","tseries[111-by-1]","tseries[111-by-1]","tseries[111-by-1]","tseries[111-by-1]","tseries[111-by-1]","tseries[111-by-1]","tseries[111-by-1]","tseries[111-by-1]","tseries[111-by-1]","tseries[111-by-1]","tseries[111-by-1]","tseries[111-by-1]","tseries[111-by-1]","tseries[111-by-1]","tseries[111-by-1]","tseries[111-by-1]","tseries[111-by-1]","tseries[111-by-1]","tseries[111-by-1]","tseries[111-by-1]","tseries[111-by-1]","tseries[111-by-1]","tseries[111-by-1]","tseries[111-by-1]","tseries[111-by-1]","tseries[111-by-1]","tseries[111-by-1]","tseries[111-by-1]","tseries[111-by-1]","tseries[111-by-1]","tseries[111-by-1]","tseries[111-by-1]","tseries[111-by-1]","tseries[111-by-1]","tseries[111-by-1]","tseries[111-by-1]","tseries[111-by-1]","tseries[111-by-1]","tseries[111-by-1]","tseries[111-by-1]","tseries[111-by-1]"
".endhist","2024Q1","2024Q1","2024Q1","2024Q1","2024Q1","2024Q1","2024Q1","2024Q1","2024Q1","2024Q1","2024Q1","2024Q1","2024Q1","2024Q1","2024Q1","2024Q1","2024Q1","2024Q1","2024Q1","2024Q1","2024Q1","2024Q1","2024Q1","2024Q1","2024Q1","2024Q1","2024Q1","2024Q1","2024Q1","2024Q1","2024Q1","2024Q1","2024Q1","2024Q1","2024Q1","2024Q1","2024Q1","2024Q1","2024Q1","2024Q1","2024Q1","2024Q1","2024Q1","2024Q1","2024Q1","2024Q1","2024Q1","2024Q1","2024Q1"
"2004Q1",964.07599,3849.36390,459.04445,-0.13594,1122.94186,4467.88662,487.62260,205.19027,962.22693,365.48120,-0.20588,1.63326,664.23472,NaN,NaN,NaN,NaN,NaN,NaN,NaN,NaN,NaN,NaN,NaN,NaN,NaN,NaN,NaN,NaN,NaN,NaN,NaN,NaN,NaN,NaN,NaN,NaN,NaN,NaN,NaN,NaN,NaN,NaN,NaN,NaN,NaN,NaN,NaN,NaN
"2004Q2",964.24529,3852.16663,460.81682,-0.00000,1120.04924,4472.76691,488.66202,203.80734,964.78265,366.55912,0.00000,-0.00000,664.62416,NaN,NaN,NaN,NaN,NaN,NaN,NaN,NaN,NaN,NaN,NaN,NaN,NaN,NaN,NaN,NaN,NaN,NaN,NaN,NaN,NaN,NaN,NaN,NaN,NaN,NaN,NaN,NaN,NaN,NaN,NaN,NaN,NaN,NaN,NaN,NaN
"2004Q3",964.61314,3855.06861,462.37447,0.00000,1117.92127,4477.76280,489.50068,204.27512,966.41379,367.74083,0.00000,-0.00000,666.64959,NaN,NaN,NaN,NaN,NaN,NaN,NaN,NaN,NaN,NaN,NaN,NaN,NaN,NaN,NaN,NaN,NaN,NaN,NaN,NaN,NaN,NaN,NaN,NaN,NaN,NaN,NaN,NaN,NaN,NaN,NaN,NaN,NaN,NaN,NaN,NaN
"2004Q4",965.10257,3858.03698,463.32025,0.13594,1121.92902,4482.84140,490.82262,205.17117,973.94801,369.62364,0.20588,-1.63326,668.49141,2.96837,NaN,6.75208,2.58891,-0.14781,5.07860,NaN,4.82742,-0.80185,16.74051,2.47988,NaN,NaN,NaN,NaN,NaN,NaN,NaN,NaN,NaN,NaN,NaN,NaN,NaN,NaN,NaN,NaN,NaN,NaN,NaN,NaN,NaN,NaN,NaN,NaN,NaN
"2005Q1",967.05920,3861.02020,466.28397,-0.13698,1128.05393,4487.95347,492.87762,204.11910,979.09954,370.73518,0.70744,-4.87225,670.40307,2.98322,2.91407,7.23951,2.66000,-0.00105,5.11207,5.01671,5.25503,-1.07117,16.87261,2.63667,5.25398,0.91332,-6.50551,-3.33989,6.16835,11.85489,2.00624,-4.20826,-1.09168,8.22002,4.44617,20.60611,-12.95598,7.64663,7.82654,24.49964,0.64882,1.06734,0.05301,-0.26161,0.05513,0.08060,-0.24524,0.34223,-0.02444
"2005Q2",967.55062,3864.32553,468.12732,0.20104,1125.35004,4493.25426,494.37418,202.85860,981.87129,372.47232,0.64960,-6.07568,670.98592,3.30533,3.03972,7.31050,3.13667,0.20104,5.30079,5.12184,5.71216,-0.94874,17.08864,2.85985,5.91320,0.64960,-6.07568,-3.41554,6.36175,7.37342,-0.23137,-5.04202,1.35209,5.98623,6.94856,11.08699,-4.81372,2.33140,1.96566,-10.81558,0.96435,0.49289,0.43298,-0.21096,0.05409,0.09176,-0.18978,0.67837,-0.05437
"2005Q3",968.33138,3868.04377,470.26472,0.55750,1123.54617,4498.87916,495.73727,202.81465,982.92692,374.53492,0.19319,-4.65164,673.07937,3.71824,3.24379,7.89025,3.62333,0.55750,5.62490,5.27909,6.23659,-1.46047,16.51313,3.33671,6.79409,0.19319,-4.65164,-3.31676,6.42978,8.54960,-1.82562,-0.17578,1.42584,5.45236,8.25039,4.22252,5.69618,8.37381,3.12303,-7.21548,1.23433,0.78344,0.43352,-0.07588,0.10005,0.16498,-0.63433,0.34748,0.04687
"2005Q4",968.88536,3871.82656,471.00826,0.78808,1127.54751,4504.49764,497.51997,203.25153,989.74180,376.97313,-0.72309,-5.11122,674.25979,3.78279,3.44739,7.68801,4.04667,0.65214,5.61848,5.41406,6.69735,-1.91964,15.79379,3.90152,7.34949,-0.92897,-3.47796,-2.97765,5.76838,2.97416,-3.66513,1.74751,0.92232,7.13077,9.75284,27.25954,-1.83832,4.72167,2.21592,16.00535,1.11565,0.24395,0.37957,-0.18497,0.06255,0.16838,-0.85896,0.50491,0.08621
"2006Q1",970.22177,3874.98912,471.33099,0.19937,1132.85217,4509.29589,499.81227,203.03386,995.52633,378.00619,-2.26543,-9.56615,674.36485,3.16257,3.49223,5.04702,4.66333,0.33635,4.79824,5.33560,6.93465,-1.08524,16.42679,4.25000,7.27100,-2.97287,-4.69390,-2.42141,3.96178,1.29091,-6.16935,-0.87066,-2.35484,9.16924,4.13223,23.13812,-17.81974,0.42025,5.34566,21.21867,0.46679,-1.67791,0.60473,-0.35282,-0.15911,0.09267,-0.47564,1.77266,-0.04066
"2006Q2",970.48019,3877.91869,473.90189,0.70034,1128.22461,4512.17046,501.15338,202.72693,999.06761,379.75083,-0.48670,-13.61824,676.62883,2.92957,3.39829,5.77457,4.98667,0.49930,2.87457,4.72905,6.77920,-0.13167,17.19632,4.45152,7.27850,-1.13629,-7.54255,-2.22860,5.64291,10.28362,7.11493,-1.22773,2.00390,5.36443,6.97856,14.16512,-16.20834,9.05590,1.03367,-18.51026,0.50901,1.02020,0.34098,-0.22468,-1.85940,-0.15172,0.38947,2.67546,-0.09329
"2006Q3",970.63003,3880.21735,475.06384,0.41299,1129.95008,4518.57437,502.24951,202.68299,1000.46113,380.90265,-1.65159,-9.26971,677.74683,2.29866,3.04339,4.79912,5.32000,-0.14451,6.40391,4.92380,6.51223,-0.13167,17.53421,4.92857,6.36773,-1.84478,-4.61807,-1.44573,4.66745,4.64779,-4.65957,-0.17579,-1.14940,4.38450,4.60729,5.57407,17.39413,4.47200,0.59937,6.90188,-0.01852,-0.04856,0.38107,-0.88427,2.62720,-0.35736,-1.04474,1.58626,0.13670
"2006Q4",971.48581,3882.81780,473.01608,-0.34658,1135.09617,4526.12303,503.22731,202.90249,1009.96415,381.54582,-4.77165,-12.07756,675.91857,2.60045,2.74781,2.00782,5.26333,-1.13466,7.54866,5.40635,5.70734,-0.34904,20.22234,5.00000,4.57269,-4.04856,-6.96634,-0.55194,1.65878,-8.19102,-12.48026,0.87800,-3.03829,3.91121,2.57267,38.01207,-11.23141,-7.31302,3.42311,20.58436,0.56324,-2.60538,-0.06714,-0.91040,1.80316,-0.69126,-1.46948,3.80571,0.00559
"2007Q1",971.78619,3884.38223,473.90224,0.95877,1138.89687,4532.16772,505.46568,203.99202,1013.89362,384.41899,-4.38943,-16.23534,677.89426,1.56442,2.34828,2.57125,5.34667,0.75940,6.04469,5.71796,5.65341,0.95816,18.36728,5.00758,6.41281,-2.12400,-6.66918,-0.48503,3.52941,3.54461,1.52889,4.35814,5.22139,8.95350,11.49272,15.71788,-16.63112,7.90276,1.20154,15.20279,-0.60671,1.09912,0.18479,1.24827,1.37562,-0.33412,1.55329,0.37391,-0.11436
"2007Q2",972.39609,3886.29813,476.75182,0.56835,1135.30677,4539.24988,506.85301,203.60097,1014.44289,385.31846,-2.46236,-16.21173,680.35279,1.91590,2.09486,2.84993,5.29333,-0.13199,7.08216,6.76986,5.69962,0.87404,15.37528,5.42857,5.56763,-1.97566,-2.59349,-0.05899,3.72396,11.39833,7.70830,-1.56420,-1.56166,5.54929,3.59786,2.19708,0.09443,9.83412,2.43959,-14.36039,0.20449,0.24268,-0.01338,-1.07067,1.73414,0.11589,-0.83457,-0.58308,0.12034
"2007Q3",972.97047,3888.63856,478.52647,0.46308,1135.61336,4544.91317,508.37785,203.86173,1017.91521,387.08107,-3.13856,-14.93216,682.38820,2.34043,2.10530,3.46263,4.94000,0.05008,5.66329,6.58470,6.12834,1.17874,17.45408,5.50833,6.17843,-1.48697,-5.66245,-0.39482,4.64137,7.09861,-2.70481,1.04303,-0.42111,6.09937,7.05045,13.88929,5.11828,8.14164,2.29749,1.22637,0.47306,0.40954,-0.33069,-0.01007,0.05483,0.45668,0.51850,4.37213,-0.01208
"2007Q4",973.59674,3890.74949,481.65794,0.92202,1139.85803,4549.67503,510.14369,203.64333,1020.15014,389.73080,-2.30534,-10.58531,685.30127,2.11093,1.98292,8.64186,4.10667,1.26860,4.76186,5.88800,6.91638,0.74084,10.18600,6.01569,8.18498,2.46631,1.49224,-0.88183,9.38270,12.52587,3.33288,-0.87361,1.83579,7.06336,10.59890,8.93973,17.38738,11.65227,2.50509,16.97865,0.05517,5.48721,-0.74091,0.45210,-0.01567,0.59249,1.20579,-3.63636,0.13041
"2008Q1",973.16906,3892.13236,484.97957,1.63693,1141.78409,4552.56225,513.17542,203.94774,1020.48301,392.80690,-1.06612,-12.22777,688.92731,1.38287,1.93753,11.07733,2.91333,0.67817,2.88722,5.09863,7.70974,-0.04428,6.58939,6.51190,8.38791,3.32331,4.00757,-1.14728,11.03305,13.28651,4.95687,1.21766,2.85964,12.12693,12.30440,1.33146,-6.56982,14.50417,-1.71071,7.70424,-0.57105,4.53177,-1.07802,-0.77988,-1.01151,0.73044,0.09416,-0.97428,0.22313
"2008Q2",973.76272,3893.49899,490.95263,3.06527,1140.91759,4558.17306,515.73189,201.31056,1017.84975,396.69426,0.56916,-5.12889,692.26319,1.36663,1.80021,14.20081,2.27333,2.49691,5.61082,4.73080,8.87888,-2.29041,3.40686,6.75000,11.37580,3.03152,11.08284,-1.96801,11.91040,23.89226,6.54113,-10.54873,5.71333,10.22587,15.54943,-10.53304,28.39553,13.34353,2.37465,-3.46599,-0.26422,5.53675,-0.55165,1.36570,3.01898,0.53503,0.01678,-1.18044,-0.31434
"2008Q3",973.23608,3893.76460,491.87361,3.40975,1138.72749,4561.28719,518.11954,200.64189,1019.92091,399.76944,-2.75295,-4.08204,692.51550,0.26561,1.28151,13.34714,2.02000,2.94667,3.11413,4.09351,9.74169,-3.21984,2.00570,7.12681,12.68836,0.38561,10.85012,-1.96807,10.12730,3.68391,-13.28844,-2.67468,1.37794,9.55060,12.30072,8.28464,4.18740,1.00922,-2.10657,-8.76037,-1.35803,3.26213,-0.12000,0.56333,0.52520,0.43379,-0.52200,0.55004,-0.22019
"2008Q4",971.02274,3891.19060,479.03898,1.87833,1142.67018,4564.09934,519.66687,203.16036,1022.57571,400.21028,-14.93045,-0.67554,682.19934,-2.57400,0.11028,-2.61896,0.29333,0.95630,2.81215,3.60608,9.52318,-0.48297,2.42556,7.25000,10.47948,-12.62511,9.90977,0.48972,-3.10193,-51.33853,-48.71000,10.07388,-6.12570,6.18933,1.76338,10.61919,13.62598,-41.26464,-8.85337,15.77074,-3.70908,-10.00642,-1.55828,0.34270,2.70522,0.12697,0.86021,-0.08155,0.23539
"2009Q1",969.88138,3887.90292,473.84820,0.30544,1141.66326,4563.97852,520.76008,207.47835,1020.67395,399.06006,-16.25154,-4.95488,681.32655,-3.28768,-1.05736,-11.13136,0.20333,-1.33150,-0.12083,2.85407,7.58466,3.53060,0.19094,6.87727,6.25316,-15.18542,7.27289,2.56806,-7.60076,-20.76309,-5.28435,17.27194,-6.29155,4.37284,-4.60088,-7.60701,-17.11735,-3.49114,-4.56545,-4.02767,-3.16273,-6.85949,0.04782,-1.06486,-0.52822,-0.62566,1.01064,-3.16459,-0.11865
"2009Q2",969.70256,3883.84276,476.26600,-0.42283,1139.95989,4563.02082,521.36739,209.26846,1025.48527,398.84167,-11.79508,-8.08660,685.53446,-4.06016,-2.41406,-14.68663,0.20333,-3.48809,-0.95770,1.21194,5.63550,7.95790,7.63552,5.80303,2.14741,-12.36424,-2.95771,2.96126,-6.72874,9.67118,17.82583,7.16044,-2.91306,2.42925,-0.87358,19.24525,-12.52689,16.83162,-0.71524,-6.81350,-3.61852,-3.54754,0.19752,-1.67498,0.15456,-0.35614,2.22949,4.81809,-0.27498
"2009Q3",970.05314,3880.65982,478.39187,-0.90514,1140.10337,4564.39669,522.09956,211.05930,1027.18022,399.43457,-9.79729,-5.98546,689.45117,-3.18294,-3.27619,-13.48173,0.13333,-4.31489,1.37587,0.77737,3.98002,10.41741,7.25931,4.86430,-0.33487,-7.04434,-1.90342,2.88153,-3.06432,8.50350,7.99116,7.16337,-1.92924,2.92865,2.37160,6.77980,8.40459,15.66687,1.40231,0.57392,-2.39852,-0.70346,0.07095,-1.21500,1.43776,-0.33407,2.02446,-2.68428,-0.22400
"2009Q4",971.12826,3880.76534,480.29973,-1.72017,1144.85779,4566.58430,522.74986,211.94602,1031.41000,399.69478,-7.96703,-4.23924,692.24575,0.10552,-2.60632,1.26076,0.09667,-3.59849,2.18761,0.62124,3.08299,8.78566,8.83429,4.50000,-0.51550,6.96342,-3.56370,0.98160,10.04641,7.63143,7.32105,3.54687,-3.26012,2.60121,1.04085,16.91913,6.98486,11.17830,4.30045,19.01768,0.50068,10.59687,0.01017,-1.30554,-1.02017,-0.13804,1.14356,0.46059,0.14180
"2010Q1",971.61159,3882.49555,482.08065,-0.45204,1144.63700,4569.55804,524.09484,210.15367,1033.37777,401.63734,-8.67852,-11.35020,692.23432,1.73021,-1.35184,8.23244,0.11333,-0.75748,2.97374,1.39488,3.33476,2.67533,12.70381,4.50000,2.57728,7.57301,-6.39532,-0.19475,10.90777,7.12366,-2.84598,-7.16937,5.07251,5.37991,7.77025,7.87107,-28.44384,-0.04571,1.93332,-0.88315,0.66617,6.21897,0.01210,1.45107,-0.11923,-0.26431,-2.62649,2.98607,0.12027
"2010Q2",972.57452,3885.36751,482.88633,-0.50393,1143.04185,4572.64000,525.15399,208.02744,1032.45866,402.54715,-10.20236,-8.19145,690.91376,2.87196,0.38119,6.62033,0.16000,-0.08111,3.08196,2.40480,3.78659,-1.24102,6.97339,4.50000,3.70548,1.59271,-0.10484,-0.08685,5.37931,3.22272,-6.09536,-8.50496,-0.20758,4.23659,3.63924,-3.67642,12.63502,-5.28224,3.85174,-6.38060,1.08698,-1.05884,-0.05219,0.56539,-1.19109,-0.07331,-3.30781,-5.15088,-0.14586
"2010Q3",973.34265,3888.65701,482.47427,-0.91259,1141.89136,4574.42800,526.02078,208.40070,1034.12125,403.34833,-12.29471,-7.21726,690.87497,3.28951,1.99930,4.08240,0.18000,-0.00746,1.78800,2.50783,3.92122,-2.65860,6.94103,4.50000,3.91377,-2.49742,-1.23181,0.18677,1.42380,-1.64822,-8.36940,1.49307,-1.63464,3.46718,3.20473,6.65034,3.89673,-0.15515,3.07251,-4.60193,0.99790,-2.29382,-0.08346,0.37227,-2.19536,-0.06668,-1.56187,-0.43738,0.08393
"2010Q4",973.86639,3891.39514,485.23380,-0.94414,1148.05262,4577.62283,526.90082,208.10978,1038.71161,404.62177,-11.02015,-4.19505,693.34358,2.73813,2.65745,4.93407,0.17667,0.77603,3.19484,2.75963,4.15096,-3.83623,7.30161,4.50000,4.92699,-3.05313,0.04419,-0.07177,1.09784,11.03812,5.09824,-1.16367,-0.12619,3.52017,5.09374,18.36146,12.08885,9.87444,2.09495,24.64504,0.26124,1.12879,-0.02570,0.65371,0.44592,-0.06442,-0.75705,0.01489,0.02132
"2011Q1",973.62890,3893.41245,489.76767,0.10096,1148.54381,4581.52965,528.39011,205.78772,1043.62698,406.48561,-9.65272,-13.39732,695.55540,2.01731,2.72923,7.68703,0.14333,0.55300,3.90681,2.99290,4.29528,-4.36595,10.24921,4.50000,4.84827,-0.97420,-2.04712,-0.64181,3.32108,18.13549,5.46973,-9.28824,4.18039,5.95716,7.45539,19.66148,-36.80909,8.84725,-0.94995,1.96476,-0.21491,3.64933,-0.00069,-0.56624,0.75608,-0.11477,-0.67832,2.97619,0.09442
"2011Q2",974.30320,3895.14113,493.81473,0.75366,1147.44653,4585.93433,529.90843,203.98781,1043.85147,408.55919,-8.06803,-10.42513,697.80254,1.72868,2.44341,10.92841,0.08667,1.25759,4.40468,3.32358,4.75444,-4.03962,11.39281,4.75000,6.01204,2.13434,-2.23368,-1.15104,6.88878,16.18823,6.33879,-7.19965,2.61080,6.07326,8.29429,0.89795,11.88877,8.98858,2.69721,-4.38915,-0.18369,4.77105,-0.01638,0.11414,0.97615,-0.13371,0.66622,2.01819,0.33241
"2011Q3",974.28089,3896.07937,493.55452,0.94575,1147.46804,4591.51100,531.21164,205.58195,1042.45313,410.39754,-9.22408,-4.78162,699.13647,0.93824,1.85559,11.08025,0.08333,1.85835,5.57667,4.27075,5.19086,-2.81876,8.33188,4.91667,7.04921,3.07064,2.43565,-1.18369,8.26150,-1.04083,-4.62421,6.37654,0.76837,5.21285,7.35340,-5.59335,22.57406,5.33570,-0.08926,0.08604,-0.84606,3.03639,0.06521,0.30885,2.52417,-0.34629,1.17270,-1.96515,0.16567
"2011Q4",975.39768,3897.61066,492.86588,-0.25660,1151.61094,4595.06931,532.32324,205.66807,1046.60516,410.73172,-11.25220,-3.10787,698.53395,1.53129,1.55388,7.63208,0.07667,0.68754,3.55832,4.36162,5.42242,-2.44171,7.89355,5.50000,6.10996,-0.23205,1.08718,-0.26036,5.19037,-2.75458,-8.11249,0.34451,-4.80941,4.44640,1.33674,16.60813,6.69498,-2.41006,4.46716,16.57161,0.09774,-1.34962,-0.04174,-0.72696,-0.89953,-0.04334,-0.76761,0.31896,0.59155
"2012Q1",976.23277,3900.21454,493.52192,0.02692,1152.28897,4598.81447,533.46194,205.06901,1049.20403,411.48340,-11.68902,-10.15740,698.59093,2.60387,1.70052,3.75425,0.10000,-0.07404,3.74515,4.32120,5.07182,-0.71872,5.57705,5.50000,4.99779,-2.03630,3.23992,0.55881,3.03553,2.62417,-1.74727,-2.39628,1.13408,4.55480,3.00671,10.39549,-28.19812,0.22790,3.34038,2.71211,0.90716,-3.31191,-0.08431,-0.23627,-0.54960,-0.39363,0.70364,-1.89386,0.19726
"2012Q2",976.67811,3902.58945,493.02138,-0.16121,1150.09177,4601.45971,534.63077,205.28239,1047.76254,412.36666,-12.28915,-6.96862,698.30376,2.37491,1.86208,-0.79335,0.13667,-0.91487,2.64524,3.88134,4.72234,1.29457,3.91107,5.50000,3.80747,-4.22112,3.45651,1.45195,0.50122,-2.00218,-2.40052,0.85352,-0.75254,4.67532,3.53302,-5.76599,12.75513,-1.14866,1.78137,-8.78880,0.20226,-4.29782,-0.03202,-0.24083,-0.97776,-0.11286,0.93232,-2.26226,0.30297
"2012Q3",976.82204,3905.13060,491.98969,-0.82188,1149.94572,4603.93739,535.88712,206.59836,1048.08090,413.30538,-14.44798,-3.25623,698.58805,2.54115,2.26281,-1.56484,0.11667,-1.76763,2.47768,3.10660,4.67548,1.01642,5.62777,5.00000,2.90784,-5.22390,1.52539,0.99990,-0.54842,-4.12676,-8.63531,5.26391,-2.64267,5.02539,3.75491,1.27346,14.84956,1.13715,0.57570,-0.58419,0.47010,-1.84618,-0.08404,-0.64962,-0.96807,0.42487,-0.65742,0.76790,-0.25590
"2012Q4",976.93761,3906.67053,492.61967,-1.72633,1155.10812,4607.43457,537.04226,206.43274,1056.28858,413.98101,-15.45277,-4.57509,699.05241,1.53993,2.26497,-0.24621,0.14333,-1.46973,3.49718,3.09131,4.71902,0.76466,9.68342,5.00000,3.24929,-4.20056,-1.46722,0.68270,0.51846,2.51994,-4.01916,-0.66250,-3.61780,4.62057,2.70252,32.83074,-5.27547,1.85744,0.46229,20.64961,-0.60488,0.99556,0.06078,-0.04533,1.16097,0.26056,0.01144,2.61749,0.28294
"2013Q1",977.91934,3908.35710,493.06152,-0.81331,1155.17636,4610.32196,538.34569,205.96545,1057.41630,415.52692,-16.13672,-10.59853,699.02698,1.68657,2.03564,-0.46040,0.12667,-0.84023,2.88739,2.87687,4.88375,0.89645,8.21227,5.00000,4.04352,-4.44770,-0.44113,0.66296,0.43605,1.76740,-2.73582,-1.86913,3.65207,5.21372,6.18362,4.51088,-24.09375,-0.10173,3.92690,0.27295,-0.01398,-0.73580,-0.03784,0.46630,-0.47688,0.31435,0.32043,-1.60037,0.15852
"2013Q2",978.18662,3909.86560,492.08772,-0.61865,1154.44368,4614.67387,539.39097,205.45497,1058.55720,416.66942,-17.81042,-8.65117,697.54269,1.50850,1.81904,-0.93366,0.10000,-0.45744,4.35191,3.30354,4.76020,0.17259,10.79466,5.25000,4.30276,-5.52127,-1.68256,1.01120,-0.76108,-3.89523,-6.69480,-2.04193,0.77865,4.18111,4.56999,4.56358,7.78943,-5.93716,1.06912,-2.93071,-0.25711,-0.83440,-0.03253,0.36645,1.48055,0.02315,-0.52708,1.97460,0.41944
"2013Q3",979.03441,3912.07797,491.85772,-0.72555,1153.63733,4618.36548,540.14933,206.47313,1058.00543,417.66392,-18.96738,-5.22693,698.33085,2.21237,1.73684,-0.13197,0.07333,0.09633,3.69162,3.60702,4.26221,-0.12523,9.92454,5.25000,4.35854,-4.51941,-1.97071,1.26239,-0.25720,-0.91998,-4.62786,4.07264,-0.42761,3.03346,3.97803,-2.20706,13.69696,3.15267,3.39116,-3.22537,0.52577,-0.35518,-0.08140,0.46283,-0.52458,-0.32467,-0.09048,-0.12973,0.16937
"2013Q4",979.90237,3915.04273,491.15101,-1.26587,1157.91738,4621.17475,540.87883,206.76928,1062.10762,418.27804,-20.42146,-3.74830,697.92028,2.96476,2.09305,-1.46867,0.07000,0.46046,2.80927,3.43505,3.83657,0.33654,5.81904,5.00000,4.29703,-4.96869,0.82679,1.59104,-1.13213,-2.82686,-5.81629,1.18459,-2.16127,2.91798,2.45646,16.40876,5.91453,-1.64228,3.47186,17.12020,0.96583,-2.68470,-0.10929,0.67521,-1.47152,-0.25064,0.41730,-3.27336,-0.09702
"2014Q1",979.55668,3916.68007,492.26837,-0.54431,1159.25639,4625.25479,541.64155,205.15349,1057.59359,419.09178,-21.03770,-3.39991,697.42186,1.63734,2.08074,-0.79315,0.06333,0.26900,4.08003,3.73321,3.29586,-0.81196,0.17728,5.00000,3.56486,-4.90098,7.19862,1.99759,-1.60512,4.46946,-2.46497,-6.46315,2.88622,3.05091,3.25496,-18.05615,1.39355,-1.99369,-1.38277,5.35602,-0.69545,0.45444,0.02805,-0.12693,1.65492,-0.39717,-1.16514,-6.36947,0.00278
"2014Q2",980.84025,3919.33370,492.36723,-0.53337,1158.66387,4629.47498,542.46277,204.89751,1061.46650,419.82650,-21.16017,-4.26848,697.26474,2.65363,2.36702,0.27951,0.08667,0.08528,4.22019,3.70028,3.07181,-0.55746,2.90931,4.75000,3.15709,-3.34975,4.38269,1.65220,-0.27794,0.39543,-0.48989,-1.02391,0.04376,3.28489,2.93888,15.49167,-3.47426,-0.62847,5.13428,-2.37009,0.90986,-0.38520,-0.05809,0.08053,0.27765,-0.05753,0.62825,1.29429,0.05407
"2014Q3",982.04831,3922.34760,491.55618,-0.26526,1157.85526,4633.69290,543.15023,204.98298,1063.15606,421.12512,-23.75997,-3.15874,696.53917,3.01391,2.56741,-0.30154,0.07333,0.46030,4.21792,3.83185,3.00090,-1.49015,5.15063,4.50000,3.46119,-4.79258,2.06819,1.46929,-1.79169,-3.24418,-10.39918,0.34187,1.07247,2.74981,5.19446,6.75822,4.43895,-2.90230,4.83226,-3.23445,0.81918,-1.70253,-0.10029,0.72860,0.28708,-0.06334,-0.43099,1.04298,-0.03797
"2014Q4",982.55277,3924.99800,488.04941,-0.89099,1162.77263,4638.54815,543.76992,203.20861,1067.02204,421.54401,-29.97482,-0.91637,691.25802,2.65040,2.48882,-3.10160,0.07000,0.37488,4.85525,4.34335,2.89110,-3.56067,4.91442,4.33333,3.26597,-9.55336,2.83193,1.76707,-6.66226,-14.02711,-24.85940,-7.09748,-2.50295,2.47878,1.67558,15.46393,8.96947,-21.12459,2.01783,19.66951,0.29580,-3.60488,-0.07239,0.52216,1.18816,-0.03217,-2.34042,-1.49569,-0.13052
"2015Q1",983.44922,3928.89055,483.42570,-0.95005,1163.81797,4643.10973,544.41459,203.33970,1071.07768,421.45908,-34.46719,-9.54939,686.76540,3.89255,3.05262,-8.84267,0.06000,-0.40574,4.56158,4.46374,2.77304,-1.81379,13.48409,3.83333,2.36730,-13.42949,-6.14947,1.87868,-10.65646,-18.49483,-17.96950,0.52436,-0.23624,2.57868,-0.33973,16.22254,-34.53204,-17.97047,3.58582,4.18135,1.69925,-8.44066,-0.21780,0.44845,-0.64246,0.38706,0.58708,7.23687,0.02002
"2015Q2",984.06672,3932.11702,483.46267,-0.76651,1161.74306,4646.18892,545.16974,203.81824,1075.60149,422.30033,-33.85097,-12.61731,687.28091,3.22647,3.19583,-8.90456,0.08000,-0.23314,3.07920,4.17849,2.70697,-1.07927,14.13499,3.50000,2.47383,-12.69080,-8.34883,1.57025,-9.98383,0.14788,2.46489,1.91415,0.73417,3.02061,3.36501,18.09527,-12.27169,2.06203,2.46998,-8.29964,0.48199,-3.07820,-0.05702,0.37248,-1.37077,0.50313,0.15098,0.97242,-0.07835
"2015Q3",984.46616,3934.53487,481.57569,-0.99583,1162.65699,4650.99066,545.91280,203.64522,1075.87343,423.15711,-37.84080,-8.31180,685.22091,2.41785,3.04682,-9.98050,0.07667,-0.73058,4.80174,4.32444,2.76257,-1.33776,12.71737,3.25000,2.03200,-14.08084,-5.15306,1.45029,-11.31826,-7.54795,-15.95933,-0.69208,-0.91729,2.97223,3.42713,1.08775,17.22203,-8.24003,1.59778,3.65573,-0.03106,-3.66002,-0.05073,-0.20152,1.15801,0.63112,-1.17763,-1.73574,-0.14109
"2015Q4",984.65047,3936.63258,479.32325,-1.11950,1166.38284,4654.60087,546.56745,203.44789,1080.23493,424.11304,-41.25922,-7.72153,682.77115,2.09770,2.90864,-8.72615,0.11667,-0.22850,3.61021,4.01318,2.79753,0.23928,13.21289,3.00000,2.56903,-11.28441,-6.80515,0.99013,-8.48687,-9.00972,-13.67368,-0.78931,-0.49465,2.61862,3.82372,17.44601,2.36109,-9.79903,0.73724,14.90339,0.00760,-1.62157,0.00846,0.47886,-0.41830,0.57432,1.41358,0.07675,0.02201
"2016Q1",985.22832,3938.41168,476.94067,0.46086,1165.47991,4656.26280,547.21710,203.80820,1080.45597,425.67250,-43.28623,-14.46323,680.74888,1.77910,2.38028,-6.48503,0.27667,1.41091,1.66193,3.28827,2.80251,0.46850,9.37829,3.00000,4.21342,-8.81904,-4.91384,0.82068,-6.01653,-9.53033,-8.10803,1.44124,6.32142,2.59859,6.23784,0.88413,-26.96681,-8.08908,2.31139,-3.61174,-0.16895,-0.18000,0.15399,1.46167,-1.50560,0.29399,0.98446,-3.71208,-0.00208
"2016Q2",985.54893,3939.89389,478.54776,0.74901,1165.37852,4659.89826,547.85677,203.81277,1083.96586,426.50288,-41.45838,-14.65920,682.36053,1.48221,1.94422,-4.91492,0.29667,1.51552,3.63545,3.42733,2.68703,-0.00547,8.36437,3.00000,4.20255,-7.60741,-2.04189,0.70489,-4.92038,6.42833,7.31141,0.01827,1.15260,2.55867,3.32150,14.03958,-0.78387,6.44661,1.28244,-0.40556,-0.32446,-0.17780,0.02658,0.29811,1.21362,0.16739,-0.09564,-1.62529,-0.02945
"2016Q3",986.25582,3941.68354,479.25454,0.97855,1164.70570,4661.94696,548.47325,202.21836,1084.98229,427.69195,-44.14926,-12.81150,681.47290,1.78965,1.78717,-2.32115,0.29667,1.97439,2.04871,2.73908,2.56045,-1.42686,9.10886,3.00000,4.53484,-6.30846,-4.49970,0.41350,-3.74801,2.82711,-10.76353,-6.37764,0.91818,2.46593,4.75630,4.06571,7.39078,-3.55052,2.82754,-2.69126,0.11472,0.83987,-0.01359,0.55976,-1.35874,0.07747,-0.71764,0.50715,-0.04651
"2016Q4",986.80858,3943.84165,479.71172,0.76516,1169.59282,4665.15694,549.13650,201.52156,1090.02507,428.56674,-45.36613,-11.73265,681.23328,2.15811,1.80227,0.38847,0.39000,1.88465,3.20998,2.63902,2.56904,-1.92633,9.79014,3.00000,4.45370,-4.10691,-4.01112,0.00405,-1.53786,1.82874,-4.86748,-2.78720,-0.85358,2.65298,3.49915,20.17112,4.31541,-0.95846,2.21107,19.54846,0.34676,1.37583,0.06894,-0.03309,0.02418,0.03811,-0.23201,0.66669,-0.01681
"2017Q1",987.29429,3945.90762,480.62265,1.66143,1170.09063,4669.76766,549.86925,200.56059,1092.20422,429.52523,-45.50403,-18.94861,681.18323,2.06597,1.87399,3.68197,0.65000,1.20057,4.61072,3.37622,2.65215,-3.24762,11.74826,3.00000,3.85273,-2.21780,-4.48538,-0.58770,0.43436,3.64371,-0.55159,-3.84391,3.58510,2.93102,3.83395,8.71661,-28.86386,-0.20020,1.94283,1.99126,0.09112,2.83259,0.26730,-0.88740,1.02972,-0.04931,-1.55538,1.80651,-0.05718
"2017Q2",987.85260,3948.21130,480.68768,2.26651,1167.83694,4672.22609,550.38503,199.33693,1095.31356,430.54864,-46.32256,-21.02021,680.02461,2.30367,2.07935,2.13992,0.90667,1.51750,2.45842,3.08196,2.52826,-4.47584,11.34770,3.00000,4.04576,-4.86418,-6.36101,-0.26870,-2.33592,0.26013,-3.27413,-4.89463,2.42031,2.06309,4.09363,12.43734,-8.28639,-4.63450,2.23324,-9.01476,0.36971,-1.45553,0.20956,0.52730,-1.69366,-0.41516,-1.72402,-0.45178,-0.04476
"2017Q3",988.63804,3950.59352,481.21683,3.26220,1167.76438,4675.28476,550.84442,198.71142,1095.68726,432.34676,-48.06508,-18.08663,679.92825,2.38222,2.22749,1.96229,1.06667,2.28364,3.05867,3.33445,2.37117,-3.50694,10.70497,3.00000,4.65481,-3.91582,-5.27513,-0.10188,-1.54465,2.11660,-6.97009,-2.50205,3.98275,1.83758,7.19251,1.49481,11.73433,-0.38545,3.14173,-0.29026,0.34278,-0.43762,0.12726,0.92172,-0.16521,-0.49935,0.87936,-0.56504,0.07348
"2017Q4",989.75878,3953.54371,482.63485,3.17945,1171.62091,4677.31286,551.46350,199.32062,1100.73598,433.30804,-46.97095,-18.08846,681.95547,2.95019,2.42552,2.92313,1.15667,2.41429,2.02810,3.03898,2.32701,-2.20095,10.71091,2.83333,4.74130,-1.60482,-6.35581,-0.37889,0.72218,5.67208,4.37652,2.43680,-0.33098,2.47633,3.84510,20.19489,-0.00732,8.10888,4.48297,15.42614,0.87590,0.19367,0.02905,0.34498,-2.00424,-0.25232,1.25408,0.73380,-0.07507
"2018Q1",990.56890,3956.81832,483.88424,3.69086,1172.76353,4679.98576,552.08352,199.67801,1102.75354,433.76893,-45.33928,-24.61076,683.56225,3.27460,2.72767,3.26159,1.45333,2.02943,2.67290,2.55452,2.21427,-0.88258,10.54932,2.75000,4.24370,0.16474,-5.66215,-0.44571,2.37901,4.99756,6.52667,1.42956,2.04564,2.48008,1.84355,8.07024,-26.08921,6.42712,3.24048,4.57048,0.94828,-0.26124,0.22785,-0.14121,-1.11781,-0.35162,0.99409,0.20931,-0.01002
"2018Q2",991.09832,3960.06403,484.99047,3.79317,1172.01413,4684.16295,552.71533,200.72267,1101.21142,434.40560,-42.96433,-20.41059,685.71314,3.24571,2.96318,4.30279,1.76667,1.52666,4.17719,2.98421,2.33030,1.38574,5.89787,2.75000,3.85697,3.35822,0.60962,-0.55512,5.68853,4.42493,9.49980,4.17864,0.40925,2.52722,2.54671,-6.16848,16.80069,8.60356,2.11768,-2.99762,0.77544,0.67331,0.26850,-0.43937,0.25177,-0.19676,2.15336,-4.63416,0.03693
"2018Q3",991.72008,3963.14607,484.90587,4.10898,1171.20042,4687.59899,553.44197,202.10441,1101.65724,435.79110,-43.58060,-18.02301,687.01028,3.08204,3.13814,3.68904,2.00000,0.84678,3.43605,3.07856,2.59755,3.39300,5.96998,2.75000,3.44433,4.48448,0.06362,-0.66350,7.08204,-0.33840,-2.46507,5.52698,1.26321,2.90658,5.54198,1.78328,9.55031,5.18858,2.48704,-3.25481,0.62459,-0.60037,0.19116,-0.39149,-0.67394,0.03901,2.15853,-1.18839,0.16070
"2018Q4",991.86162,3965.24892,484.06086,3.87143,1174.75313,4690.73121,553.98235,204.35960,1107.98326,436.51887,-43.02482,-19.68467,688.42045,2.10285,2.92630,1.42601,2.26667,0.69197,3.13221,3.35459,2.51885,5.03898,7.24728,2.75000,3.21083,3.94613,-1.59621,-0.33105,6.46499,-3.38005,2.22313,9.02074,-0.95020,2.16152,2.91107,25.30406,-6.64663,5.64068,0.56618,14.21081,-0.28199,-1.60693,0.27959,0.16138,0.22500,-0.32189,1.98259,-0.77731,0.22009
"2019Q1",992.40326,3967.08328,483.51732,5.45430,1176.41409,4694.38177,554.47715,204.37010,1109.13839,437.92598,-43.40774,-24.95142,687.88741,1.83436,2.56624,-0.36692,2.41000,1.76343,3.65056,3.59900,2.39362,4.69209,6.38485,2.75000,4.15706,1.93154,-0.34066,0.05766,4.32517,-2.17415,-1.53169,0.04199,6.33148,1.97917,5.62847,4.62052,-21.06702,-2.13216,2.16653,6.64387,-0.11597,-1.82445,0.14650,1.38951,0.91176,-0.42908,1.06057,-2.59385,0.01941
"2019Q2",993.22950,3969.21446,484.03656,5.97140,1175.77089,4698.13853,555.12675,203.76124,1111.50361,438.99525,-43.29109,-24.53459,687.79780,2.13118,2.28761,-0.95391,2.41667,2.17822,3.75676,3.49390,2.41142,3.03857,10.29219,2.75000,4.58964,-0.32676,-4.12401,0.03382,2.08466,2.07696,0.46658,-2.43544,2.06841,2.59841,4.27705,9.46090,1.66731,-0.35848,3.30498,-2.57281,0.29999,-1.41115,-0.01266,0.88799,0.35454,-0.08703,-0.29587,2.71982,-0.03863
"2019Q3",994.35531,3971.84969,483.09409,4.91058,1175.15530,4702.09341,555.65157,203.91670,1114.51378,438.80230,-45.78970,-24.71507,687.01079,2.63524,2.17590,-1.81178,2.14333,0.80160,3.95487,3.62360,2.20960,1.81228,12.85654,2.75000,3.01120,-2.20910,-6.69207,0.17823,0.00050,-3.76988,-9.99441,0.62184,-4.24329,2.09930,-0.77180,12.04067,-0.72193,-3.14804,4.50326,-2.46238,0.67234,-2.14732,-0.32441,-0.77553,-0.52826,0.01326,-1.16722,2.20892,0.04785
"2019Q4",994.99459,3974.98266,482.72647,4.48339,1179.13641,4706.47669,556.16179,204.36297,1120.95858,439.31026,-46.53527,-26.09727,687.08943,3.13296,2.43343,-1.33439,1.56333,0.61196,4.38328,3.93637,2.17943,0.00337,12.97533,2.75000,2.79140,-3.51046,-6.41261,0.12105,-1.33102,-1.47049,-2.98231,1.78508,-1.70874,2.04086,2.03187,25.77921,-5.52879,0.31459,2.55708,15.92446,0.94640,-1.25670,-0.64502,0.09822,-0.40681,0.06001,-1.00214,0.00268,0.06486
"2020Q1",993.62235,3976.20175,481.87667,4.84702,1177.22786,4707.29046,556.66774,203.82095,1121.21947,439.50930,-47.78813,-34.02814,685.69761,1.21909,2.27962,-1.64065,1.08333,-0.60727,0.81377,3.22717,2.19059,-0.54915,12.08108,2.75000,1.58332,-4.38039,-9.07672,0.14683,-2.18980,-3.39920,-5.01142,-2.16808,1.45453,2.02378,0.79615,1.04353,-31.72347,-5.56728,-5.48895,-7.63419,-1.18833,-0.06563,-0.39749,-1.12539,-2.52933,0.25351,-1.28823,-1.33472,0.18175
"2020Q2",985.40257,3968.37482,478.02404,5.98677,1166.06726,4697.58683,557.11461,204.13679,1127.68625,440.99848,-50.91592,-48.43299,682.16083,-7.82693,-0.20991,-6.01252,0.06000,0.01537,-9.70363,-0.13793,1.98786,0.37555,16.18263,2.00000,2.00323,-7.62483,-23.89840,0.01911,-5.63697,-15.41052,-12.51118,1.26338,4.55898,1.78751,5.95672,25.86712,-57.61941,-14.14714,-32.87910,-44.64240,-9.38510,2.93789,-0.36610,0.35328,-4.19355,-0.16089,-0.33072,1.76815,-0.11715
"2020Q3",992.87549,3966.89500,480.91869,6.84305,1173.74397,4696.17550,557.64780,204.37373,1133.69382,442.73099,-49.50429,-43.31022,685.29242,-1.47983,-1.23867,-2.17540,0.09333,1.93248,-1.41133,-1.47948,1.99622,0.45703,19.18004,1.75000,3.92870,-3.71459,-18.59515,-0.81765,-1.71837,11.57860,5.64655,0.94776,3.42513,2.13274,6.93005,24.03029,20.49108,12.52635,29.89166,30.70682,0.97603,1.06934,-0.03939,1.56059,-0.83051,-0.05262,1.58336,3.36202,-0.04422
"2020Q4",993.90539,3965.80580,481.94885,7.43004,1181.63273,4698.67182,558.29398,205.29025,1141.85320,444.38910,-48.51780,-42.36338,687.23910,-1.08920,-2.29421,-0.77762,0.09000,2.94665,2.49632,-1.95122,2.13219,0.92728,20.89461,1.75000,5.07884,-1.98252,-16.26610,-1.12265,0.14967,4.12066,3.94596,3.66607,2.34795,2.58473,6.63244,32.63750,3.78738,7.78672,4.11961,31.55505,-1.44976,1.66445,0.09362,0.81944,1.79695,-0.20706,1.03496,2.49726,0.10375
"2021Q1",995.18272,3967.36617,486.16573,7.96008,1181.61084,4703.05480,559.09056,204.79336,1142.41247,445.04518,-44.94947,-48.41535,690.95909,1.56037,-2.20889,4.28907,0.08000,3.11305,4.38297,-1.05892,2.42282,0.97241,21.19301,1.75000,5.53588,2.83866,-14.38721,-2.03204,5.26148,16.86753,14.27330,-1.98755,2.12016,3.18632,2.62431,2.23711,-24.20789,14.87998,5.10931,-0.08758,1.02646,3.51094,-0.06358,-0.17930,-0.26403,0.00717,0.92802,2.88627,-0.02674
"2021Q2",996.69103,3978.65463,490.30783,7.99729,1180.56811,4717.55564,559.75406,204.42457,1143.58589,445.64845,-40.98380,-47.19234,694.73240,11.28846,2.56995,12.28379,0.07000,2.01052,14.50085,4.99220,2.63945,0.28778,15.89964,1.75000,4.64997,9.93212,1.24065,-3.18940,12.57157,16.56838,15.86268,-1.47515,0.14885,2.65401,2.41309,4.69368,4.89202,15.09322,6.03326,-4.17091,9.57885,0.20213,-0.67140,-1.05929,1.34983,-0.13063,1.42467,-1.49079,-0.20012
"2021Q3",997.50211,3983.28125,492.23902,7.68201,1181.64093,4725.45261,560.44247,204.62006,1145.41659,446.36462,-40.73229,-44.34136,696.85908,4.62662,4.09656,11.32033,0.09000,0.83896,7.89696,7.31928,2.79467,0.24633,11.72277,1.75000,3.63363,8.77199,-1.03114,-3.07315,11.56666,7.72476,1.00604,0.78197,-1.26113,2.75362,2.86468,7.32279,11.40394,8.50673,3.24430,4.29129,-1.39968,2.72871,0.12293,-1.42125,0.92214,-0.66557,-0.66384,-4.53752,0.02380
"2021Q4",999.18464,3988.56050,494.26388,7.01984,1186.30469,4730.12457,561.63086,204.50337,1153.61753,447.31579,-40.32652,-46.11886,698.76725,5.27925,5.68868,12.31503,0.08000,-0.41020,4.67196,7.86319,3.33688,-0.78687,11.76433,1.75000,2.92669,8.19127,-3.75549,-3.60383,11.52816,8.09943,1.62307,-0.46675,-2.64867,4.75358,3.80467,32.80374,-7.11003,7.63269,6.73015,18.65504,2.20904,1.31108,-0.16343,-1.40564,-2.82935,0.04226,-0.89336,-0.48707,0.04827
"2022Q1",998.68572,3992.06351,498.74451,7.00408,1186.23577,4734.74950,563.33010,204.10237,1153.66100,448.32872,-37.30123,-50.79940,702.84687,3.50300,6.17433,12.57877,0.12000,-0.95600,4.62493,7.92367,4.23954,-0.69099,11.24852,1.75000,3.28354,7.64824,-2.38406,-4.23190,11.88778,17.92251,12.10117,-1.60404,-0.06304,6.79694,4.05173,0.17388,-18.72216,16.31848,-1.99569,-0.27569,0.14319,2.61895,0.03785,-1.05822,0.24616,0.17692,0.11397,-2.18324,0.07272
"2022Q2",998.54435,3993.91682,503.38526,7.82078,1185.21240,4739.39378,565.74824,203.98207,1156.84967,451.46612,-34.34305,-49.81764,707.36733,1.85332,3.81555,13.07743,0.77000,-0.17651,4.64429,5.45954,5.99418,-0.44250,13.26377,2.00000,5.81767,6.64075,-2.62530,-5.22063,12.63493,18.56302,11.83273,-0.48119,3.26679,9.67258,12.54960,12.75467,3.92703,18.08184,-0.56549,-4.09348,-0.71831,3.66785,0.71608,-0.07881,1.48130,0.81575,0.55563,0.23295,0.07272
"2022Q3",999.20081,3995.61553,500.70639,8.37568,1185.50416,4743.25702,568.14122,204.85963,1158.44422,454.75705,-39.72412,-45.80700,705.56601,1.69870,3.08357,8.46737,2.19000,0.69367,3.86323,4.45110,7.69875,0.23956,13.02763,2.66667,8.39243,1.00818,-1.46564,-4.95530,8.70693,-10.71550,-21.52426,3.51022,2.21961,9.57192,13.16371,6.37822,16.04258,-7.20527,2.62584,1.16706,-0.14090,-1.82438,1.40558,0.61379,0.37337,0.95130,-0.10945,-1.20952,0.09548
"2022Q4",999.83422,3996.26511,498.52533,7.44676,1189.66542,4746.61775,570.15962,206.03910,1164.71438,456.27147,-43.05811,-45.32622,704.56443,0.64958,1.92615,4.26145,3.65333,0.42692,3.36073,4.12330,8.52876,1.53573,11.09685,3.50000,8.95568,-2.73158,0.79264,-3.98718,5.79718,-8.72423,-13.33597,4.71790,-3.71567,8.07360,6.05769,25.08064,1.92310,-4.00633,2.53365,16.64504,-1.12142,-1.67189,1.53481,-0.41495,0.79618,0.64887,-0.40439,-2.59402,0.11903
"2023Q1",1000.38906,3997.96844,497.31051,7.76915,1190.16314,4750.54512,571.58634,205.77723,1165.80592,457.35003,-45.31661,-50.76071,703.08774,1.70334,1.47623,-1.43400,4.51667,0.76507,3.92737,3.94891,8.25624,1.67486,12.14492,4.41667,9.02131,-8.01538,0.03869,-2.06683,0.24086,-4.85929,-9.03402,-1.04748,1.28954,5.70688,4.31425,4.36617,-21.73794,-5.90677,2.21935,1.99088,0.39788,-5.49444,0.81633,0.82769,0.43638,-0.03885,-0.60023,0.33942,0.32083
"2023Q2",1000.89888,4000.32297,496.19220,7.15999,1189.24708,4754.57981,572.78585,205.61236,1168.92470,457.84294,-46.94343,-50.82039,701.80456,2.35453,1.60154,-7.19306,4.99000,-0.66079,4.03469,3.79651,7.03761,1.63029,12.07504,4.91667,6.37682,-12.60038,-1.00275,0.02736,-5.56277,-4.47323,-6.50727,-0.65948,-2.43663,4.79802,1.97163,12.47512,-0.23872,-5.13271,2.03928,-3.66423,0.58148,-7.08453,0.41061,-0.61293,-0.36042,-0.33867,-1.86986,-0.19470,0.08293
"2023Q3",1002.08568,4003.20784,496.41223,7.00162,1189.44813,4758.52378,573.97897,206.16591,1169.32245,459.22074,-48.54974,-46.90351,702.57814,2.88487,1.89808,-4.29416,5.26000,-1.37406,3.94397,3.81669,5.83775,1.30628,10.87823,5.00000,4.46369,-8.82562,-1.09651,0.50184,-2.98788,0.88012,-6.42524,2.21419,-0.63348,4.77249,5.51119,1.59098,15.66753,3.09432,4.74720,0.80420,0.82286,-0.01865,0.26123,-0.99778,-0.75881,-0.26575,-0.94370,-0.69608,-0.18809
"2023Q4",1002.87530,4006.24892,495.63145,6.78384,1191.66897,4760.52733,575.21097,205.81431,1175.36134,460.65990,-51.22813,-48.91828,701.44576,3.04108,2.49595,-2.89388,5.33000,-0.66292,2.00355,3.47740,5.05135,-0.22479,10.64696,5.00000,4.38843,-8.17002,-3.59206,0.84397,-3.11867,-3.12312,-10.71355,-1.40638,-0.87112,4.92802,5.75665,24.15556,-8.05909,-4.52949,3.15848,8.88335,0.74374,-0.75281,0.06338,0.49343,-2.21487,-0.24792,-1.32138,0.08334,-0.21451
"2024Q1",1003.31144,4009.17130,496.09824,7.07117,1193.46299,4763.82718,575.67754,205.55122,1177.26762,460.74325,-50.84608,-54.83136,701.64947,2.92238,2.80071,-1.21226,5.33000,-0.69798,3.29984,3.32051,4.09120,-0.22601,11.46169,5.00000,3.39322,-5.52947,-4.07065,1.21049,-1.43827,1.86718,1.52820,-1.05236,1.14932,1.86625,0.33341,7.62510,-23.65232,0.81481,1.74454,7.17606,0.55572,0.02833,0.01407,-0.22621,-0.21133,-0.57356,-0.23214,0.99644,-0.00293
"2024Q2",1003.21286,4011.48528,495.74550,6.65800,1192.74988,4767.32997,576.73370,205.57521,1179.91917,461.28880,-51.37513,-54.36421,701.32072,2.31398,2.79058,-0.44669,5.27865,-0.50199,3.50279,3.18754,3.94786,-0.03715,10.99447,5.01957,3.44586,-4.43170,-3.54382,1.23448,-0.48384,-1.41096,-2.11620,0.09596,-1.65270,4.22467,2.18220,10.60624,1.86859,-1.31500,-0.39430,-2.85245,0.00000,0.00000,0.00000,0.00000,0.00000,0.00000,0.00000,0.00000,0.00000
"2024Q3",1004.12970,4013.52929,496.54742,6.65505,1192.99967,4770.88150,577.83930,206.27624,1179.84019,462.73449,-52.16454,-50.00939,702.82366,2.04401,2.58036,0.13519,5.22796,-0.34658,3.55153,3.08943,3.86033,0.11033,10.51774,5.03849,3.51375,-3.61480,-3.10588,1.24642,0.24553,3.20767,-3.15766,2.80410,-0.01181,4.42237,5.78274,-0.31593,17.41929,6.01178,3.66734,0.99917,0.00000,0.00000,0.00000,0.00000,0.00000,0.00000,0.00000,0.00000,0.00000
"2024Q4",1004.79952,4015.45352,496.20892,6.55794,1195.21179,4774.42432,579.02262,206.03617,1185.41593,464.24564,-54.24044,-51.61842,702.24509,1.92422,2.30115,0.57747,5.17792,-0.22590,3.54281,3.47425,3.81164,0.22186,10.05459,5.05825,3.58574,-3.01231,-2.70014,1.25224,0.79933,-1.35400,-8.30358,-0.96027,-0.38843,4.73328,6.04460,22.30297,-6.43611,-2.31427,2.67931,8.84848,0.00000,0.00000,0.00000,0.00000,0.00000,0.00000,0.00000,0.00000,0.00000
"2025Q1",1005.18250,4017.32458,497.01188,6.93671,1196.97663,4777.93796,579.46705,205.85436,1186.88648,464.39830,-53.41881,-57.14708,702.86624,1.87106,2.03832,0.91364,5.12853,-0.13447,3.51364,3.52770,3.78951,0.30314,9.61887,5.07932,3.65504,-2.57274,-2.31572,1.25552,1.21677,3.21183,3.28649,-0.72725,1.51508,1.77773,0.61063,5.88220,-22.11463,2.48458,1.53191,7.05938,0.00000,0.00000,0.00000,0.00000,0.00000,0.00000,0.00000,0.00000,0.00000
"2025Q2",1005.06034,4019.17206,496.91465,6.59076,1196.22834,4781.41642,580.51879,205.93484,1189.13733,465.00666,-53.63144,-56.31882,702.84949,1.84748,1.92169,1.16914,5.07977,-0.06724,3.47846,3.52161,3.78509,0.35963,9.21815,5.10161,3.71785,-2.25631,-1.95460,1.25827,1.52878,-0.38892,-0.85050,0.32194,-1.38378,4.20698,2.43344,9.00337,3.31304,-0.06698,-0.48865,-2.99318,0.00000,0.00000,0.00000,0.00000,0.00000,0.00000,0.00000,0.00000,0.00000
"2025Q3",1005.96671,4021.00907,497.91077,6.63529,1196.44269,4784.85944,581.63136,206.67254,1188.69606,466.50680,-54.19696,-51.63017,704.58331,1.83701,1.86994,1.36335,5.03164,-0.01975,3.44302,3.49449,3.79207,0.39630,8.85587,5.12473,3.77231,-2.03242,-1.62078,1.26149,1.75965,3.98450,-2.26208,2.95078,0.17812,4.45029,6.00059,-1.76508,18.75459,6.93528,3.62547,0.85741,0.00000,0.00000,0.00000,0.00000,0.00000,0.00000,0.00000,0.00000,0.00000
"2025Q4",1006.63189,4022.84143,497.71988,6.56979,1198.62142,4788.26908,582.82862,206.45364,1193.94867,468.06350,-56.11801,-52.93551,704.17353,1.83237,1.84698,1.51096,4.98413,0.01186,3.40964,3.46119,3.80600,0.41747,8.53273,5.14810,3.81786,-1.87757,-1.31709,1.26552,1.92843,-0.76356,-7.68419,-0.87559,-0.26199,4.78901,6.22677,21.01043,-5.22137,-1.63915,2.66073,8.71495,0.00000,0.00000,0.00000,0.00000,0.00000,0.00000,0.00000,0.00000,0.00000
"2026Q1",1007.01281,4024.67174,498.63504,6.96762,1200.35584,4791.64829,583.29084,206.28117,1195.13427,468.25300,-55.19264,-58.19186,704.91621,1.83031,1.83679,1.62316,4.93723,0.03091,3.37921,3.42758,3.82379,0.42681,8.24779,5.17115,3.85471,-1.77383,-1.04478,1.27030,2.04997,3.66061,3.70146,-0.68989,1.59130,1.84890,0.75803,4.74243,-21.02540,2.97072,1.52367,6.93766,0.00000,0.00000,0.00000,0.00000,0.00000,0.00000,0.00000,0.00000,0.00000
"2026Q2",1006.88973,4026.50113,498.62308,6.63098,1199.58035,4795.00030,584.36213,206.36220,1197.13640,468.89021,-55.33899,-57.12254,704.98528,1.82939,1.83227,1.70843,4.89094,0.04021,3.35201,3.39597,3.84334,0.42736,7.99907,5.19332,3.88355,-1.70755,-0.80372,1.27556,2.13579,-0.04782,-0.58538,0.32413,-1.34657,4.28515,2.54881,8.00851,4.27728,0.27631,-0.49231,-3.10197,0.00000,0.00000,0.00000,0.00000,0.00000,0.00000,0.00000,0.00000,0.00000
"2026Q3",1007.79569,4028.33011,499.68402,6.67739,1199.77072,4798.32833,585.49460,207.09411,1196.48014,470.41213,-55.86537,-52.22299,706.77813,1.82898,1.83026,1.77325,4.84524,0.04209,3.32803,3.36722,3.86323,0.42157,7.78408,5.21411,3.90533,-1.66841,-0.59282,1.28092,2.19482,4.24376,-2.10553,2.92764,0.18564,4.52986,6.08768,-2.62503,19.59821,7.17140,3.62385,0.76150,0.00000,0.00000,0.00000,0.00000,0.00000,0.00000,0.00000,0.00000,0.00000
"2026Q4",1008.46069,4030.15892,499.54240,6.60827,1201.92856,4801.63547,586.71120,206.86506,1201.54875,471.98456,-57.76666,-53.34588,706.40745,1.82880,1.82937,1.82251,4.80013,0.03848,3.30714,3.34160,3.88258,0.41141,7.60009,5.23313,3.92106,-1.64865,-0.41037,1.28599,2.23393,-0.56650,-7.60517,-0.91622,-0.27645,4.86641,6.28971,20.27444,-4.49157,-1.48272,2.66001,8.63136,0.00000,0.00000,0.00000,0.00000,0.00000,0.00000,0.00000,0.00000,0.00000
"2027Q1",1008.84153,4031.98764,500.49500,6.99856,1203.64495,4804.92458,587.19170,206.67958,1202.57857,472.18479,-56.83513,-58.44619,707.17457,1.82872,1.82898,1.85996,4.75561,0.03094,3.28911,3.31907,3.90085,0.39841,7.44430,5.25006,3.93179,-1.64248,-0.25433,1.29038,2.25837,3.81039,3.72613,-0.74191,1.56114,1.92199,0.80095,4.11927,-20.40125,3.06848,1.52335,6.86556,0.00000,0.00000,0.00000,0.00000,0.00000,0.00000,0.00000,0.00000,0.00000
"2027Q2",1008.71842,4033.81633,500.51150,6.65172,1202.85407,4808.19831,588.27989,206.74593,1204.45040,472.82871,-56.98460,-57.24506,707.25743,1.82869,1.82880,1.88842,4.71165,0.02074,3.27373,3.29950,3.91776,0.38373,7.31400,5.26469,3.93850,-1.64561,-0.12251,1.29376,2.27215,0.06603,-0.59790,0.26539,-1.38735,4.35279,2.57567,7.48734,4.80455,0.33142,-0.49245,-3.16351,0.00000,0.00000,0.00000,0.00000,0.00000,0.00000,0.00000,0.00000,0.00000
"2027Q3",1009.62436,4035.64501,501.59408,6.68629,1203.03147,4811.45905,589.42779,207.46235,1203.68678,474.35423,-57.52027,-52.23568,709.05643,1.82867,1.82872,1.91005,4.66826,0.00891,3.26075,3.28268,3.93319,0.36824,7.20663,5.27687,3.94210,-1.65490,-0.01270,1.29585,2.27829,4.33029,-2.14266,2.86569,0.13829,4.59158,6.10206,-3.05451,20.03749,7.19599,3.62379,0.70958,0.00000,0.00000,0.00000,0.00000,0.00000,0.00000,0.00000,0.00000,0.00000
"2027Q4",1010.28936,4037.47367,501.46889,6.60450,1205.17850,4814.70900,590.65834,207.21764,1208.66854,475.92793,-59.43472,-53.26859,708.68654,1.82867,1.82869,1.92650,4.62543,-0.00377,3.24994,3.26838,3.94714,0.35259,7.11979,5.28654,3.94337,-1.66806,0.07729,1.29644,2.27908,-0.50073,-7.65781,-0.97883,-0.32716,4.92221,6.29481,19.92706,-4.13162,-1.47956,2.65998,8.58813,0.00000,0.00000,0.00000,0.00000,0.00000,0.00000,0.00000,0.00000,0.00000
"2028Q1",1010.67019,4039.30234,502.43399,6.98190,1206.88604,4817.95008,591.15138,207.01680,1209.62982,476.12782,-58.51860,-58.29668,709.45079,1.82866,1.82867,1.93899,4.58315,-0.01666,3.24108,3.25638,3.95968,0.33722,7.05125,5.29369,3.94302,-1.68347,0.14952,1.29538,2.27621,3.86038,3.66449,-0.80338,1.50957,1.97215,0.79955,3.84512,-20.11236,3.05700,1.52334,6.83014,0.00000,0.00000,0.00000,0.00000,0.00000,0.00000,0.00000,0.00000,0.00000
"2028Q2",1010.54708,4041.13100,502.46000,6.62243,1206.08805,4821.18406,592.25082,207.06837,1211.44940,476.77035,-58.68460,-57.03914,709.52836,1.82866,1.82867,1.94849,4.54142,-0.02929,3.23398,3.24644,3.97093,0.32244,6.99899,5.29837,3.94164,-1.70000,0.20591,1.29257,2.27093,0.10402,-0.66400,0.20628,-1.43788,4.39777,2.57013,7.27830,5.03014,0.31031,-0.49245,-3.19194,0.00000,0.00000,0.00000,0.00000,0.00000,0.00000,0.00000,0.00000,0.00000
"2028Q3",1011.45303,4042.95966,503.54979,6.64498,1206.25989,4824.41248,593.40881,207.77080,1210.64794,478.29394,-59.23713,-51.98740,711.32059,1.82866,1.82866,1.95571,4.50022,-0.04131,3.22842,3.23836,3.98102,0.30845,6.96116,5.30067,3.93971,-1.71686,0.24828,1.28799,2.26416,4.35917,-2.21012,2.80972,0.09023,4.63194,6.09436,-3.20584,20.20697,7.16889,3.62378,0.68737,0.00000,0.00000,0.00000,0.00000,0.00000,0.00000,0.00000,0.00000,0.00000
"2028Q4",1012.11802,4044.78832,503.43009,6.55205,1208.40275,4827.63673,594.64844,207.51299,1215.60461,479.86558,-61.16827,-52.99031,710.94308,1.82866,1.82866,1.96120,4.45956,-0.05245,3.22425,3.23193,3.99010,0.29535,6.93607,5.30070,3.93765,-1.73355,0.27828,1.28163,2.25655,-0.47878,-7.72458,-1.03124,-0.37172,4.95853,6.28656,19.82670,-4.01162,-1.51002,2.65998,8.57145,0.00000,0.00000,0.00000,0.00000,0.00000,0.00000,0.00000,0.00000,0.00000
"2029Q1",1012.49886,4046.61698,504.39936,6.91936,1210.10734,4830.85804,595.14969,207.29998,1216.55201,480.06359,-60.26835,-57.99925,711.69934,1.82866,1.82866,1.96537,4.41942,-0.06254,3.22131,3.22699,3.99831,0.28319,6.92219,5.29861,3.93577,-1.74975,0.29743,1.27353,2.24856,3.87707,3.59968,-0.85202,1.46922,2.00500,0.79205,3.78960,-20.03577,3.02504,1.52334,6.81836,0.00000,0.00000,0.00000,0.00000,0.00000,0.00000,0.00000,0.00000,0.00000
"2029Q2",1012.37574,4048.44565,504.42854,6.55097,1209.30749,4834.07748,596.25661,207.34033,1218.36753,480.70468,-60.44988,-56.73204,711.76887,1.82866,1.82866,1.96854,4.37979,-0.07146,3.21944,3.22336,4.00579,0.27197,6.91813,5.29456,3.93433,-1.76529,0.30711,1.26377,2.24051,0.11670,-0.72613,0.16141,-1.47356,4.42771,2.56438,7.26207,5.06885,0.27812,-0.49245,-3.19940,0.00000,0.00000,0.00000,0.00000,0.00000,0.00000,0.00000,0.00000,0.00000
"2029Q3",1013.28169,4050.27431,505.52074,6.56584,1209.47842,4837.29601,597.42148,208.03246,1217.57057,482.22746,-61.01719,-51.67883,713.55320,1.82866,1.82866,1.97095,4.34068,-0.07915,3.21853,3.22088,4.01268,0.26166,6.92263,5.28871,3.93353,-1.78006,0.30857,1.25244,2.23261,4.36881,-2.26922,2.76850,0.05948,4.65947,6.09113,-3.18782,20.21282,7.13731,3.62378,0.68371,0.00000,0.00000,0.00000,0.00000,0.00000,0.00000,0.00000,0.00000,0.00000
"2029Q4",1013.94668,4052.10297,505.40288,6.46647,1211.62119,4840.51445,598.66751,207.76521,1222.53917,483.79907,-62.96233,-52.68735,713.16809,1.82866,1.82866,1.97278,4.30206,-0.08558,3.21844,3.21943,4.01907,0.25223,6.93456,5.28125,3.93349,-1.79406,0.30295,1.23966,2.22501,-0.47145,-7.78058,-1.06899,-0.39745,4.98411,6.28641,19.87440,-4.03409,-1.54044,2.65998,8.57110,0.00000,0.00000,0.00000,0.00000,0.00000,0.00000,0.00000,0.00000,0.00000
"2030Q1",1014.32752,4053.93163,506.37354,6.82859,1213.32642,4843.73353,599.17477,207.54358,1223.50488,483.99790,-62.07566,-57.70797,713.91711,1.82866,1.82866,1.97417,4.26395,-0.09076,3.21908,3.21887,4.02508,0.24359,6.95287,5.27233,3.93431,-1.80731,0.29128,1.22555,2.21777,3.88263,3.54669,-0.88655,1.44848,2.02903,0.79534,3.86285,-20.08244,2.99609,1.52334,6.82090,0.00000,0.00000,0.00000,0.00000,0.00000,0.00000,0.00000,0.00000,0.00000
"2030Q2",1014.20440,4055.76029,506.40377,6.45624,1212.52783,4846.95387,600.28740,207.57604,1225.34416,484.64074,-62.26974,-56.45755,713.97981,1.82866,1.82866,1.97523,4.22633,-0.09473,3.22034,3.21910,4.03079,0.23570,6.97664,5.26215,3.93606,-1.81985,0.27449,1.21023,2.21093,0.12094,-0.77630,0.12984,-1.48943,4.45054,2.57134,7.35713,5.00166,0.25078,-0.49245,-3.19436,0.00000,0.00000,0.00000,0.00000,0.00000,0.00000,0.00000,0.00000,0.00000
"2030Q3",1015.11035,4057.58895,507.49678,6.46831,1212.70055,4850.17600,601.45775,208.26094,1224.57558,486.16620,-62.84894,-51.42544,715.75771,1.82866,1.82866,1.97604,4.18919,-0.09753,3.22214,3.22000,4.03627,0.22848,7.00501,5.25085,3.93874,-1.83175,0.25339,1.19385,2.20451,4.37203,-2.31683,2.73960,0.04828,4.68139,6.10186,-3.07432,20.12843,7.11163,3.62378,0.69089,0.00000,0.00000,0.00000,0.00000,0.00000,0.00000,0.00000,0.00000,0.00000
"2030Q4",1015.77534,4059.41761,507.37952,6.36725,1214.84558,4853.40039,602.70909,207.98706,1229.57641,487.74143,-64.80542,-52.45862,715.36659,1.82866,1.82866,1.97665,4.15253,-0.09922,3.22439,3.22149,4.04158,0.22185,7.03724,5.23861,3.94236,-1.84309,0.22874,1.17655,2.19850,-0.46901,-7.82590,-1.09549,-0.40422,5.00537,6.30090,20.00330,-4.13271,-1.56450,2.65998,8.58012,0.00000,0.00000,0.00000,0.00000,0.00000,0.00000,0.00000,0.00000,0.00000
"2031Q1",1016.15618,4061.24627,508.35065,6.72871,1216.55345,4856.62742,603.22155,207.75933,1230.57752,487.94481,-63.92958,-57.50679,716.10998,1.82866,1.82866,1.97711,4.11634,-0.09988,3.22703,3.22347,4.04679,0.21576,7.07264,5.22557,3.94691,-1.85392,0.20118,1.15845,2.19287,3.88449,3.50337,-0.91092,1.44585,2.04984,0.81352,4.00443,-20.19267,2.97357,1.52334,6.83145,0.00000,0.00000,0.00000,0.00000,0.00000,0.00000,0.00000,0.00000,0.00000
"2031Q2",1016.03306,4063.07494,508.38124,6.35666,1215.75782,4859.85740,604.33932,207.78617,1232.45476,488.59307,-64.13405,-56.28624,716.16740,1.82866,1.82866,1.97747,4.08062,-0.09958,3.22998,3.22588,4.05191,0.21013,7.11059,5.21187,3.95233,-1.86432,0.17131,1.13969,2.18760,0.12235,-0.81789,0.10734,-1.48824,4.47105,2.59305,7.50896,4.88217,0.22969,-0.49245,-3.18253,0.00000,0.00000,0.00000,0.00000,0.00000,0.00000,0.00000,0.00000,0.00000
"2031Q3",1016.93901,4064.90360,509.47451,6.36990,1215.93376,4863.09060,605.51475,208.46586,1231.72615,490.12480,-64.72329,-51.28581,717.94037,1.82866,1.82866,1.97773,4.04536,-0.09841,3.23320,3.22865,4.05700,0.20492,7.15057,5.19763,3.95859,-1.87434,0.13963,1.12038,2.18266,4.37310,-2.35694,2.71875,0.05298,4.70173,6.12690,-2.91442,20.00174,7.09186,3.62378,0.70377,0.00000,0.00000,0.00000,0.00000,0.00000,0.00000,0.00000,0.00000,0.00000