Variables ->,ln_y_star,ln_y_star_sm,ln_ipei,ln_cpi_nosub,ln_y,ln_y_sm,ln_cpi_sub,ln_s,ln_bm,ln_cpi,ln_z,ln_v,ln_ipei_q,d4_ln_y_star,d4_ln_y_star_sm,d4_ln_ipei,i_star,d4_ln_cpi_nosub,d4_ln_y,d4_ln_y_sm,d4_ln_cpi_sub,d4_ln_s,d4_ln_bm,i,d4_ln_cpi,d4_ln_z,d4_ln_v,r,d4_ln_ipei_q,dla_ipei,dla_z,dla_s,dla_cpi_nosub,dla_cpi_sub,dla_cpi,dla_bm,dla_v,dla_ipei_q,s_d4_ln_y_star,s_d4_ln_ipei,s_i_star,s_d4_ln_cpi_nosub,s_d4_ln_y,s_d4_ln_cpi_sub,s_d4_ln_s,s_d4_ln_bm,s_i
Comments ->,PIB Externo (100*log),"PIB Externo, Suma movil de 4 trimestres (100*log)",Precios de transables (100*log),Indice de inflacion No subyacente,PIB Real (100*log),"PIB Real, Suma movil de 4 trimestres (100*log)",Indice Subyacente Optima MSE (100*log),Tipo de Cambio Nominal (100*log),Base Monetaria (100*log),Indice de Precios al Consumidor (100*log),Indice Tipo de Cambio Real (100*log),ln_v,Precios de transables en GTQ(100*log),Crecimiento Economico Externo (%),Crecimiento Economico Externo - Suma Movil 4T (%),Precios de transables YoY (%),Tasa de fondos federales,Inflacion No Subyacente (YoY %),Crecimiento Economico Inrterno (%),Crecimiento Economico Inrterno - Suma Movil 4T (%),InflaciÃ³n Subyacente Optima MSE (YoY %),Depreciacion Cambiaria Nominal (YoY %),Tasa de variacion de la Base Monetaria (YoY %),Tasa de Interes Lider de Politica Monetaria,Inflacion Total Internual (YoY %),Tasa de variacion del Tipo de Cambio Real (YoY),Velocidad de circulacion (YoY %),Tasa de interes real de PM,Precios de transables en GTQ YoY (%),Precios de transables QoQ (%),Tasa de variacion del Tipo de Cambio Real (QoQ),Depreciacion Cambiaria Nominal (QoQ %),Inflacion No Subyacente QoQ (%),Inflacion Subyacente Optima MSE (QoQ %),Inflacion Total Internual (QoQ %),Tasa de variacion de la Base Monetaria (QoQ %),Velocidad de circulacion (YoY %),Precios de transables en GTQ QoQ (%),Shock de crecimiento externo,Shock de precios de transables,Shock de tasa de interes externa,Choque de inflacion no subyacente,Choque de demanda agregada,Choque de inflacion subyacente,Choque cambiario nominal,Choque monetario,Choque de Politica Monetaria
Class[Size] ->,tseries[139-by-1],tseries[139-by-1],tseries[139-by-1],tseries[139-by-1],tseries[139-by-1],tseries[139-by-1],tseries[139-by-1],tseries[139-by-1],tseries[139-by-1],tseries[139-by-1],tseries[139-by-1],tseries[139-by-1],tseries[139-by-1],tseries[139-by-1],tseries[139-by-1],tseries[139-by-1],tseries[139-by-1],tseries[139-by-1],tseries[139-by-1],tseries[139-by-1],tseries[139-by-1],tseries[139-by-1],tseries[139-by-1],tseries[139-by-1],tseries[139-by-1],tseries[139-by-1],tseries[139-by-1],tseries[139-by-1],tseries[139-by-1],tseries[139-by-1],tseries[139-by-1],tseries[139-by-1],tseries[139-by-1],tseries[139-by-1],tseries[139-by-1],tseries[139-by-1],tseries[139-by-1],tseries[139-by-1],tseries[139-by-1],tseries[139-by-1],tseries[139-by-1],tseries[139-by-1],tseries[139-by-1],tseries[139-by-1],tseries[139-by-1],tseries[139-by-1],tseries[139-by-1]
.endhist,2023Q3,2023Q3,2023Q3,2023Q3,2023Q3,2023Q3,2023Q3,2023Q3,2023Q3,2023Q3,2023Q3,2023Q3,2023Q3,2023Q3,2023Q3,2023Q3,2023Q3,2023Q3,2023Q3,2023Q3,2023Q3,2023Q3,2023Q3,2023Q3,2023Q3,2023Q3,2023Q3,2023Q3,2023Q3,2023Q3,2023Q3,2023Q3,2023Q3,2023Q3,2023Q3,2023Q3,2023Q3,2023Q3,2023Q3,2023Q3,2023Q3,2023Q3,2023Q3,2023Q3,2023Q3,2023Q3,2023Q3
2004Q1,964.11262,3849.35262,459.12498,-0.1491,1122.96851,4467.88428,488.13521,205.16819,962.21491,420.97436,-0.16078,1.59822,664.29316,NaN,NaN,NaN,NaN,NaN,NaN,NaN,NaN,NaN,NaN,NaN,NaN,NaN,NaN,NaN,NaN,NaN,NaN,NaN,NaN,NaN,NaN,NaN,NaN,NaN,NaN,NaN,NaN,NaN,NaN,NaN,NaN,NaN,NaN
2004Q2,964.27166,3852.13357,460.9126,0,1120.06573,4472.75094,489.25121,203.7804,964.77527,422.07134,0,0,664.69299,NaN,NaN,NaN,NaN,NaN,NaN,NaN,NaN,NaN,NaN,NaN,NaN,NaN,NaN,NaN,NaN,NaN,NaN,NaN,NaN,NaN,NaN,NaN,NaN,NaN,NaN,NaN,NaN,NaN,NaN,NaN,NaN,NaN,NaN
2004Q3,964.58765,3855.00831,462.47829,0,1117.90188,4477.72813,490.07,204.21223,966.39759,423.27746,0,0,666.69052,NaN,NaN,NaN,NaN,NaN,NaN,NaN,NaN,NaN,NaN,NaN,NaN,NaN,NaN,NaN,NaN,NaN,NaN,NaN,NaN,NaN,NaN,NaN,NaN,NaN,NaN,NaN,NaN,NaN,NaN,NaN,NaN,NaN,NaN
2004Q4,964.97222,3857.94415,463.43086,0.1491,1121.84731,4482.78343,491.38169,205.009,973.88935,425.17761,0.16078,-1.59822,668.43986,2.93584,NaN,6.7132,2.40188,-0.11607,5.0553,NaN,4.90472,-0.79801,16.7462,2.48208,NaN,NaN,NaN,NaN,NaN,NaN,NaN,NaN,NaN,NaN,NaN,NaN,NaN,NaN,NaN,NaN,NaN,NaN,NaN,NaN,NaN,NaN,NaN
2005Q1,967.0592,3860.89074,466.28397,-0.1261,1128.05393,4487.86885,493.45676,204.1191,979.09954,426.31891,0.62757,-4.87944,670.40307,2.94658,2.88453,7.15899,2.47,0.023,5.08542,4.99614,5.32155,-1.04909,16.88463,2.63667,5.34455,0.78835,-6.47767,-3.37193,6.10991,11.41243,1.86716,-3.5596,-1.10078,8.30029,4.56518,20.84077,-13.12489,24.43962,0.62663,1.03571,0.04884,-0.25908,0.0552,0.08125,-0.23355,0.3595,-0.0234
2005Q2,967.55062,3864.1697,468.12732,0.21793,1125.35004,4493.15316,495.018,202.8586,981.87129,428.05605,0.52614,-6.04492,670.98592,3.27896,3.00903,7.21472,2.94333,0.21793,5.28431,5.10055,5.76679,-0.9218,17.09602,2.85985,5.98471,0.52614,-6.04492,-3.43773,6.29293,7.3734,-0.40572,-5.042,1.3761,6.24496,6.94856,11.087,-4.66191,25.17171,0.95424,0.46713,0.42764,-0.20997,0.05416,0.09277,-0.1851,0.68355,-0.05076
2005Q3,968.33138,3867.91342,470.26472,0.56327,1123.54617,4498.79745,496.34791,202.81465,982.92692,430.11864,0.11094,-4.60713,673.07937,3.74373,3.22628,7.78643,3.46,0.56327,5.64429,5.26733,6.27791,-1.39758,16.52933,3.33671,6.84118,0.11094,-4.60713,-3.32962,6.38885,8.5496,-1.66082,-0.1758,1.38136,5.31964,8.25036,4.22252,5.75116,25.55539,1.27152,0.72,0.45794,-0.08312,0.0967,0.16354,-0.62061,0.36625,0.04887
2005Q4,968.88536,3871.82656,471.00826,0.80175,1127.54751,4504.49765,498.10827,203.25153,989.7418,432.55685,-0.74587,-5.02389,674.25979,3.91314,3.4706,7.5774,3.98,0.65265,5.7002,5.42855,6.72658,-1.75747,15.85245,3.90152,7.37924,-0.90665,-3.42567,-2.98281,5.81993,2.97416,-3.42723,1.74752,0.95393,7.04144,9.75284,27.25952,-1.66704,23.27972,1.23469,0.10852,0.46486,-0.1953,0.05092,0.16346,-0.8177,0.56465,0.08178
2006Q1,970.22177,3874.98913,471.33099,0.19682,1132.85217,4509.29589,500.40484,203.03386,995.52633,433.58991,-2.35873,-9.55991,674.36485,3.16257,3.5246,5.04702,4.45667,0.32292,4.79824,5.35676,6.94808,-1.08524,16.42679,4.25,7.271,-2.9863,-4.68047,-2.43088,3.96178,1.29092,-6.45143,-0.87068,-2.41971,9.18628,4.13224,23.13812,-18.14409,15.84712,0.40895,-1.54344,0.469,-0.35189,-0.17518,0.09672,-0.50914,1.73008,-0.02402
2006Q2,970.48019,3877.9187,473.90189,0.77369,1128.22461,4512.17046,501.74074,202.72693,999.06761,435.33455,-0.5537,-13.64393,676.62882,2.92957,3.43725,5.77457,4.90667,0.55576,2.87457,4.75433,6.72274,-0.13167,17.19632,4.45152,7.2785,-1.07984,-7.59901,-2.19027,5.6429,10.2836,7.22012,-1.22772,2.30746,5.3436,6.97856,14.16512,-16.33607,22.5716,0.50901,1.0202,0.46499,-0.18629,-1.81864,-0.24099,0.32262,2.63928,-0.09864
2006Q3,970.63003,3880.21735,475.06384,0.45857,1129.95008,4518.57437,502.82034,202.68299,1000.46113,436.48637,-1.69403,-9.265,677.74683,2.29865,3.07598,4.79912,5.24667,-0.1047,6.40391,4.94423,6.47243,-0.13166,17.53421,4.92857,6.36773,-1.80497,-4.65787,-1.41873,4.66746,4.6478,-4.56134,-0.17576,-1.26048,4.3184,4.60728,5.57408,17.51572,18.66984,-0.01852,-0.04855,0.38671,-0.89384,2.62623,-0.34558,-1.05387,1.61728,0.13893
2006Q4,971.48581,3882.8178,473.01608,-0.34247,1135.09617,4526.12303,503.82518,202.90249,1009.96415,437.12954,-4.804,-11.98067,675.91857,2.60045,2.74781,2.00782,5.24667,-1.14422,7.54866,5.40635,5.71691,-0.34904,20.22235,5,4.57269,-4.05813,-6.95678,-0.55848,1.65878,-8.19104,-12.43987,0.878,-3.20415,4.01936,2.57268,38.01208,-10.86268,6.63512,0.56324,-2.60538,-0.01142,-0.96708,1.803,-0.64402,-1.54055,3.83163,-0.00631
2007Q1,971.78619,3884.38222,473.90224,0.99681,1138.89687,4532.16773,506.01766,203.99202,1013.89362,440.00272,-4.44214,-16.26968,677.89426,1.56442,2.34827,2.57125,5.25667,0.79999,6.0447,5.71796,5.61282,0.95816,18.36729,5.00758,6.41281,-2.08341,-6.70977,-0.45751,3.52941,3.54464,1.44745,4.35812,5.35713,8.76992,11.49272,15.71788,-17.15605,14.11764,-0.60671,1.09913,0.11124,1.31449,1.37369,-0.38448,1.64244,0.36433,-0.09393
2007Q2,972.39609,3886.29812,476.75182,0.58069,1135.30677,4539.24989,507.50137,203.60097,1014.44289,440.90218,-2.59036,-16.17642,680.35279,1.9159,2.09486,2.84993,5.25,-0.193,7.08216,6.76986,5.76063,0.87404,15.37528,5.42857,5.56763,-2.03666,-2.53249,-0.10062,3.72397,11.39832,7.40712,-1.5642,-1.6645,5.93484,3.59784,2.19708,0.37305,14.89588,0.20449,0.24268,0.03213,-1.17704,1.719,0.22402,-0.92604,-0.54293,0.10485
2007Q3,972.97047,3888.63856,478.52647,0.51829,1135.61336,4544.91317,508.93905,203.86173,1017.91521,442.6648,-3.17137,-14.93709,682.3882,2.34044,2.1053,3.46263,5.07333,0.05972,5.66328,6.5847,6.11871,1.17874,17.45408,5.50833,6.17843,-1.47734,-5.67209,-0.38805,4.64137,7.0986,-2.32406,1.04304,-0.2496,5.75072,7.05048,13.88928,4.95732,18.56548,0.47307,0.40953,-0.15458,0.00958,0.104,0.36797,0.40401,4.30736,-0.03617
2007Q4,973.59674,3890.74949,481.65794,1.04807,1139.85803,4549.67503,510.61962,203.64333,1020.15014,445.31452,-2.21574,-10.61036,685.30127,2.11093,1.98292,8.64186,4.49667,1.39054,4.76186,5.888,6.79444,0.74084,10.18599,6.01569,8.18498,2.58826,1.37031,-0.79816,9.3827,12.52588,3.82253,-0.8736,2.11913,6.72228,10.59888,8.93972,17.30692,37.5308,0.05517,5.48721,-0.48251,0.50437,0.06235,0.44022,1.05121,-3.68525,0.08938
2008Q1,973.16906,3892.13236,484.97957,1.73361,1141.78409,4552.56225,513.66876,203.94774,1020.48301,448.39062,-1.06019,-12.32075,688.92731,1.38287,1.93754,11.07733,3.17667,0.7368,2.88722,5.09863,7.6511,-0.04428,6.58939,6.5119,8.3879,3.38195,3.94893,-1.10693,11.03305,13.28652,4.62221,1.21764,2.74217,12.19656,12.3044,1.33148,-6.84157,44.1322,-0.57104,4.53177,-1.19966,-0.79606,-1.04613,0.79863,0.17207,-0.88713,0.22299
2008Q2,973.76272,3893.49899,490.95263,3.23906,1140.91759,4558.17307,516.2188,201.31056,1017.84975,452.27798,0.60261,-5.25503,692.26319,1.36663,1.80022,14.20081,2.08667,2.65837,5.61082,4.73079,8.71743,-2.29041,3.40686,6.75,11.3758,3.19297,10.92139,-1.85833,11.9104,23.89224,6.6512,-10.54872,6.02178,10.20016,15.54944,-10.53304,28.26289,47.6416,-0.26422,5.53674,-0.99826,1.58351,2.96112,0.4472,0.45589,-1.13226,-0.22896
2008Q3,973.23608,3893.7646,491.87361,3.48305,1138.72749,4561.2872,518.66265,200.64189,1019.92091,455.35316,-2.76767,-4.10506,692.5155,0.26561,1.28151,13.34714,1.94,2.96476,3.11413,4.09351,9.7236,-3.21984,2.0057,7.12681,12.68836,0.4037,10.83203,-1.95588,10.1273,3.68392,-13.48114,-2.67468,0.97596,9.7754,12.30072,8.28464,4.59988,40.5092,-1.35803,3.26214,-0.01574,0.41924,0.51541,0.57023,-0.67584,0.65339,-0.24396
2008Q4,971.02274,3891.1906,479.03898,1.82893,1142.67018,4564.09935,520.31825,203.16036,1022.57571,455.79401,-15.0163,-0.52515,682.19934,-2.574,0.11028,-2.61896,0.50667,0.78086,2.81215,3.60608,9.69863,-0.48297,2.42557,7.25,10.47949,-12.80056,10.08521,0.37055,-3.10193,-51.33852,-48.99451,10.07388,-6.61647,6.6224,1.7634,10.6192,14.31964,-12.40772,-3.70908,-10.00642,-1.26597,0.08234,2.71366,0.32285,0.50738,-0.05457,0.16132
2009Q1,969.88138,3887.90292,473.8482,0.00062,1141.66326,4563.97852,521.65491,207.47835,1020.67395,454.64378,-16.6471,-4.64637,681.32655,-3.28768,-1.05736,-11.13137,0.18333,-1.73299,-0.12083,2.85407,7.98615,3.53061,0.19094,6.87727,6.25316,-15.58691,7.67438,2.29454,-7.60076,-20.76312,-6.52319,17.27196,-7.31323,5.34664,-4.60092,-7.60704,-16.48489,-30.40304,-3.16273,-6.8595,-0.18277,-1.26222,-0.6355,-0.32449,1.06407,-3.17131,-0.11754
2009Q2,969.70256,3883.84276,476.266,-0.73715,1139.95989,4563.02082,522.34242,209.26846,1025.48527,454.42539,-12.24974,-7.72463,685.53446,-4.06016,-2.41406,-14.68663,0.18,-3.97621,-0.9577,1.21194,6.12362,7.9579,7.63552,5.80303,2.14741,-12.85235,-2.4696,2.62873,-6.72873,9.6712,17.58944,7.16044,-2.9511,2.75004,-0.87356,19.24528,-12.31303,-26.91492,-3.61852,-3.54753,0.19394,-1.82063,0.11728,-0.20692,2.1495,4.64425,-0.29454
2009Q3,970.05314,3880.65982,478.39187,-1.34708,1140.10337,4564.3967,523.15791,211.0593,1027.18022,455.01829,-10.32726,-5.49323,689.45117,-3.18294,-3.27619,-13.48174,0.15667,-4.83013,1.37588,0.77737,4.49526,10.41741,7.25931,4.8643,-0.33487,-7.55959,-1.38817,2.5306,-3.06433,8.50348,7.6899,7.16336,-2.43972,3.26196,2.3716,6.7798,8.9256,-12.25732,-2.39853,-0.70347,0.11732,-1.32595,1.42171,-0.24695,1.92796,-2.91993,-0.24788
2009Q4,971.12826,3880.76534,480.29973,-2.28856,1144.85779,4566.58431,523.92023,211.94602,1031.41,455.2785,-8.57187,-3.56985,692.24575,0.10552,-2.60631,1.26075,0.12,-4.11749,2.18761,0.62124,3.60198,8.78566,8.83429,4.5,-0.51551,6.44443,-3.0447,0.62812,10.04641,7.63144,7.02157,3.54688,-3.76591,3.04928,1.04084,16.91912,7.69352,40.18564,0.50068,10.59686,0.01047,-1.38621,-1.04025,-0.07061,1.09661,0.21062,0.12646
2010Q1,971.61159,3882.49555,482.08065,-0.97457,1144.637,4569.55805,525.20747,210.15367,1033.37777,457.22115,-9.29189,-10.82389,692.23432,1.73021,-1.35184,8.23245,0.13333,-0.97519,2.97374,1.39488,3.55256,2.67532,12.70382,4.5,2.57737,7.35521,-6.17752,-0.34308,10.90777,7.12368,-2.88007,-7.1694,5.25597,5.14896,7.7706,7.87108,-29.01617,43.63108,0.66617,6.21898,0.00906,1.67567,-0.06388,-0.54717,-2.50105,2.65971,0.14239
2010Q2,972.57452,3885.36751,482.88633,-0.94826,1143.04185,4572.64001,526.26346,208.02744,1032.45866,458.13532,-10.79147,-7.69502,690.91377,2.87196,0.38119,6.62033,0.19333,-0.21111,3.08196,2.4048,3.92104,-1.24102,6.97339,4.5,3.70993,1.45827,0.02961,-0.17826,5.37931,3.22272,-5.99832,-8.50492,0.10522,4.22396,3.65668,-3.67644,12.51549,21.51724,1.08699,-1.05885,-0.0386,0.6174,-1.17469,-0.14437,-3.28896,-5.27811,-0.14518
2010Q3,973.34265,3888.65702,482.47427,-1.43315,1141.89136,4574.428,527.15676,208.4007,1034.12125,458.93107,-12.90231,-6.64742,690.87497,3.28951,1.9993,4.0824,0.18667,-0.08607,1.78799,2.50783,3.99885,-2.6586,6.94103,4.5,3.91278,-2.57505,-1.15419,0.13387,1.4238,-1.64824,-8.44338,1.49304,-1.93956,3.5732,3.183,6.65036,4.1904,5.6952,0.9979,-2.29382,-0.10969,0.41051,-2.19241,-0.11268,-1.52273,-0.5126,0.09039
2010Q4,973.86639,3891.39515,485.2338,-1.47514,1148.05262,4577.62283,528.03411,208.10978,1038.71161,460.2058,-11.58792,-3.56275,693.34358,2.73813,2.65745,4.93407,0.18667,0.81342,3.19483,2.75963,4.11388,-3.83624,7.30161,4.5,4.9273,-3.01605,0.0071,-0.04649,1.09783,11.03812,5.25757,-1.16368,-0.16795,3.5094,5.09892,18.36144,12.33868,4.39132,0.26124,1.12879,-0.02228,0.75718,0.47263,-0.18742,-0.70205,-0.05176,0.03223
2011Q1,973.6289,3893.41246,489.76767,-0.41311,1148.54381,4581.52964,529.56624,205.78772,1043.62698,462.14138,-10.32959,-12.80752,695.55539,2.01731,2.72923,7.68702,0.15667,0.56146,3.90681,2.9929,4.35877,-4.36595,10.24921,4.5,4.92023,-1.0377,-1.98363,-0.68304,3.32107,18.13548,5.03333,-9.28824,4.24813,6.12852,7.74232,19.66148,-36.97909,13.28428,-0.21491,3.64932,0.00277,-0.59042,0.75091,-0.01467,-0.68899,3.02896,0.08026
2011Q2,974.3032,3895.14114,493.81473,0.19728,1147.44653,4585.93432,531.12551,203.98781,1043.85147,464.14291,-8.76475,-9.8211,697.80254,1.72868,2.44341,10.9284,0.09333,1.14554,4.40468,3.32358,4.86205,-4.03963,11.39281,4.75,6.00759,2.02672,-2.12608,-1.22445,6.88877,16.18824,6.25936,-7.19964,2.44154,6.23708,8.00612,0.89796,11.94569,27.55508,-0.18369,4.77105,-0.02288,-0.00357,0.94511,-0.06468,0.60035,2.02573,0.32274
2011Q3,974.28089,3896.07938,493.55452,0.30177,1147.46804,4591.511,532.47203,205.58195,1042.45313,465.98126,-9.95608,-4.08735,699.13647,0.93824,1.85559,11.08025,0.08333,1.73492,5.57668,4.27075,5.31527,-2.81875,8.33188,4.91667,7.05019,2.94623,2.56007,-1.26841,8.2615,-1.04084,-4.76534,6.37656,0.41796,5.38608,7.3534,-5.59336,22.935,33.046,-0.84606,3.03639,0.05863,0.28233,2.5159,-0.31393,1.16259,-2.01432,0.16187
2011Q4,975.39768,3897.61067,492.86588,-0.8881,1151.61094,4595.06932,533.55672,205.66807,1046.60516,466.31545,-11.92016,-2.37537,698.53395,1.53129,1.55388,7.63208,0.07333,0.58704,3.55832,4.36162,5.52261,-2.44171,7.89355,5.5,6.10965,-0.33224,1.18738,-0.32862,5.19037,-2.75456,-7.85631,0.34448,-4.75947,4.33876,1.33676,16.60812,6.84792,20.76148,0.09774,-1.34961,-0.04507,-0.72165,-0.89903,-0.05551,-0.76281,0.25311,0.59175
2012Q1,976.23277,3900.21454,493.52192,-0.59706,1152.28897,4598.81448,534.67593,205.06901,1049.20403,467.06712,-12.40374,-9.52972,698.59093,2.60387,1.70052,3.75425,0.10333,-0.18395,3.74516,4.32121,5.10969,-0.71871,5.57705,5.5,4.92574,-2.07415,3.2778,0.53102,3.03554,2.62416,-1.93431,-2.39624,1.16417,4.47684,3.00668,10.39548,-28.61741,12.14216,0.90716,-3.3119,-0.07769,-0.26225,-0.55442,-0.44281,0.67898,-1.969,0.2029
2012Q2,976.67811,3902.58945,493.02138,-0.72218,1150.09177,4601.45972,535.85244,205.28239,1047.76254,467.95038,-12.99045,-6.36,698.30377,2.37491,1.86208,-0.79335,0.15333,-0.91946,2.64524,3.88135,4.72693,1.29458,3.91107,5.5,3.80747,-4.2257,3.4611,1.44885,0.50123,-2.00216,-2.34684,0.85352,-0.5005,4.70604,3.53304,-5.76596,12.67889,2.00492,0.20226,-4.29782,-0.01864,-0.15507,-0.95298,-0.15692,0.97483,-2.31783,0.30666
2012Q3,976.82204,3905.1306,491.98969,-1.43897,1149.94572,4603.9374,537.12062,206.59836,1048.0809,468.88911,-15.15309,-2.58885,698.58805,2.54115,2.26281,-1.56483,0.14333,-1.74074,2.47768,3.1066,4.64859,1.01641,5.62777,5,2.90785,-5.19701,1.4985,1.01825,-0.54842,-4.12676,-8.65058,5.26388,-2.86716,5.07272,3.75492,1.27344,15.0846,-2.19368,0.4701,-1.84618,-0.07383,-0.62126,-0.95842,0.38834,-0.64891,0.7569,-0.25492
2012Q4,976.93761,3906.67053,492.61967,-2.35089,1155.10812,4607.43458,538.2688,206.43274,1056.28858,469.56474,-16.11378,-3.84953,699.05241,1.53993,2.26497,-0.24621,0.16,-1.46279,3.49718,3.09132,4.71208,0.76467,9.68342,5,3.24929,-4.19362,-1.47416,0.68745,0.51846,2.51992,-3.84275,-0.66248,-3.64767,4.59272,2.70252,32.83072,-5.04272,2.07384,-0.60489,0.99556,0.05112,-0.05898,1.15513,0.28104,0.01081,2.63645,0.28178
2013Q1,977.91934,3908.3571,493.06152,-1.41259,1155.1758,4610.32141,539.53498,205.96545,1057.4163,471.11064,-16.82675,-9.99611,699.02697,1.68657,2.03564,-0.4604,0.14333,-0.81553,2.88683,2.87673,4.85905,0.89644,8.21227,5,4.04352,-4.42301,-0.46639,0.67981,0.43604,1.7674,-2.85187,-1.86916,3.75321,5.06472,6.1836,4.51088,-24.58633,1.74416,-0.01397,-0.7358,-0.03763,0.48505,-0.4727,0.29306,0.33071,-1.60129,0.16003
2013Q2,978.18662,3909.86561,492.08772,-1.1399,1154.44398,4614.67362,540.57292,205.45497,1058.5572,472.25314,-18.47201,-8.08197,697.54269,1.50851,1.81904,-0.93366,0.11667,-0.41772,4.35221,3.30348,4.72048,0.17258,10.79466,5.25,4.30276,-5.48156,-1.72197,1.03828,-0.76108,-3.8952,-6.58104,-2.04192,1.09074,4.15176,4.57,4.5636,7.65657,-3.04432,-0.2571,-0.8344,-0.03231,0.3851,1.48577,0.00281,-0.51674,1.98284,0.42108
2013Q3,979.03441,3912.07798,491.85772,-1.29609,1153.63686,4618.36476,541.33628,206.47313,1058.00543,473.24765,-19.62595,-4.60658,698.33085,2.21237,1.73685,-0.13197,0.08333,0.14288,3.69114,3.60684,4.21566,-0.12523,9.92453,5.25,4.35854,-4.47286,-2.01773,1.29411,-0.2572,-0.92,-4.61578,4.07264,-0.62476,3.05344,3.97804,-2.20708,13.90156,-1.0288,0.52577,-0.35519,-0.08786,0.47712,-0.52322,-0.33684,-0.0778,-0.11134,0.17168
2013Q4,979.90237,3915.04274,491.15101,-1.85527,1157.91808,4621.17472,542.0702,206.76928,1062.10762,473.86176,-21.0473,-3.05721,697.92029,2.96476,2.09305,-1.46866,0.08667,0.49562,2.80996,3.43504,3.8014,0.33654,5.81904,5,4.29702,-4.93352,0.79232,1.61502,-1.13212,-2.82684,-5.68539,1.1846,-2.23671,2.93568,2.45644,16.40876,6.19748,-4.52848,0.96583,-2.68469,-0.10249,0.66914,-1.47045,-0.24384,0.40929,-3.2487,-0.09892
2014Q1,979.55668,3916.68008,492.26837,-1.1529,1159.25706,4625.25598,542.84015,205.15349,1057.59359,474.6755,-21.73703,-2.78697,697.42186,1.63734,2.08075,-0.79315,0.07333,0.25969,4.08126,3.73364,3.30517,-0.81196,0.17729,5,3.56486,-4.91028,7.20914,1.99127,-1.60511,4.46944,-2.75891,-6.46316,2.80949,3.0798,3.25496,-18.05612,1.08095,-6.42044,-0.69545,0.45443,0.02159,-0.16462,1.64485,-0.34978,-1.18137,-6.3409,-0.00125
2014Q2,980.84025,3919.33371,492.36723,-1.05878,1158.66413,4629.47613,543.64888,204.89751,1061.4665,475.41022,-21.82592,-3.69516,697.26474,2.65363,2.36703,0.27951,0.09333,0.08112,4.22015,3.70063,3.07596,-0.55746,2.9093,4.75,3.15708,-3.35391,4.38681,1.64938,-0.27795,0.39544,-0.35556,-1.02392,0.37646,3.23492,2.93888,15.49164,-3.63275,-1.1118,0.90986,-0.3852,-0.0613,0.08506,0.27748,-0.06204,0.63299,1.28887,0.05457
2014Q3,982.04831,3922.34761,491.55618,-0.82611,1157.85492,4633.69419,544.32749,204.98298,1063.15606,476.70884,-24.40885,-2.54794,696.53916,3.0139,2.56741,-0.30154,0.09,0.46998,4.21806,3.83236,2.99121,-1.49015,5.15063,4.5,3.46119,-4.7829,2.05864,1.47592,-1.79169,-3.2442,-10.33174,0.34188,0.93068,2.71444,5.19448,6.75824,4.58888,-7.16676,0.81917,-1.70252,-0.0902,0.73942,0.29247,-0.07961,-0.43214,1.03653,-0.03862
2014Q4,982.55277,3924.99801,488.04941,-1.45022,1162.77205,4638.54816,544.93113,203.20861,1067.02204,477.12774,-30.5705,-0.25673,691.25802,2.6504,2.48882,-3.1016,0.1,0.40505,4.85397,4.34336,2.86093,-3.56067,4.91442,4.33333,3.26598,-9.5232,2.80048,1.78766,-6.66227,-14.02708,-24.64659,-7.09748,-2.49643,2.41456,1.6756,15.46392,9.16484,-26.64908,0.29581,-3.60489,-0.05884,0.54087,1.19491,-0.05803,-2.33967,-1.49719,-0.13112
2015Q1,983.44922,3928.89055,483.4257,-1.545,1163.82077,4643.11187,545.59955,203.3397,1071.07768,477.0428,-35.15289,-8.94795,686.7654,3.89254,3.05262,-8.84267,0.11,-0.3921,4.56371,4.46397,2.7594,-1.81379,13.48409,3.83333,2.3673,-13.41586,-6.16098,1.88804,-10.65646,-18.49484,-18.32955,0.52436,-0.37911,2.67368,-0.33976,16.22256,-34.76489,-42.62584,1.69924,-8.44065,-0.19741,0.43156,-0.63895,0.40058,0.56341,7.25322,0.01355
2015Q2,984.06672,3932.11702,483.46267,-1.33809,1161.74423,4646.19197,546.40202,203.81824,1075.60149,477.88405,-34.56289,-11.99691,687.28091,3.22647,3.19583,-8.90456,0.12333,-0.27931,3.0801,4.17896,2.75314,-1.07927,14.13499,3.5,2.47383,-12.73697,-8.30175,1.53886,-9.98383,0.14788,2.36,1.91416,0.82762,3.20988,3.365,18.09524,-12.19583,-39.93532,0.48199,-3.0782,-0.06305,0.31614,-1.38624,0.57081,0.12394,0.99434,-0.08647
2015Q3,984.46616,3934.53487,481.57569,-1.61929,1162.65631,4650.99336,547.15267,203.64522,1075.87343,478.74084,-38.55228,-7.63874,685.22091,2.41785,3.04682,-9.98049,0.13667,-0.79318,4.80139,4.32479,2.82518,-1.33776,12.71737,3.25,2.032,-14.14343,-5.0908,1.40773,-11.31825,-7.54792,-15.95758,-0.69208,-1.1248,3.0026,3.42716,1.08776,17.43268,-45.273,-0.03107,-3.66001,-0.03349,-0.22894,1.15481,0.65427,-1.20535,-1.75582,-0.14961
2015Q4,984.65047,3936.63257,479.32325,-1.7423,1166.37966,4654.60097,547.79224,203.44789,1080.23493,479.69677,-41.91849,-7.0009,682.77114,2.0977,2.90864,-8.72616,0.16,-0.29208,3.60761,4.0132,2.86111,0.23928,13.21289,3,2.56903,-11.34799,-6.74417,0.94689,-8.48688,-9.00976,-13.46483,-0.78932,-0.49203,2.55828,3.82372,17.446,2.55136,-33.94752,0.0076,-1.62158,-0.00743,0.47233,-0.42639,0.58453,1.42091,0.04844,0.02036
2016Q1,985.22832,3938.41167,476.94067,-0.15564,1165.48317,4656.26337,548.42362,203.8082,1080.45597,481.25623,-43.99349,-13.83977,680.74887,1.7791,2.38028,-6.48503,0.36,1.38936,1.6624,3.28788,2.82407,0.4685,9.37829,3,4.21343,-8.8406,-4.89182,0.80613,-6.01653,-9.53032,-8.29999,1.44124,6.34665,2.52552,6.23784,0.88416,-27.35549,-24.06612,-0.16894,-0.18,0.19455,1.48457,-1.48827,0.24994,0.96822,-3.75762,-0.00837
2016Q2,985.54893,3939.89388,478.54776,0.19126,1165.37913,4659.89827,549.07522,203.81277,1083.96586,482.0866,-42.15647,-14.05318,682.36053,1.48221,1.94422,-4.91491,0.37333,1.52935,3.6349,3.42657,2.6732,-0.00547,8.36437,3,4.20255,-7.59358,-2.05627,0.71443,-4.92038,6.42836,7.34808,0.01828,1.38758,2.6064,3.32148,14.03956,-0.85363,-19.68152,-0.32446,-0.17779,0.02098,0.33161,1.21986,0.1298,-0.07311,-1.64382,-0.02865
2016Q3,986.25582,3941.68354,479.25454,0.39317,1164.70482,4661.94678,549.67505,202.21836,1084.98229,483.27568,-44.82267,-12.17671,681.4729,1.78966,1.78717,-2.32115,0.39667,2.01246,2.04851,2.73835,2.52238,-1.42686,9.10886,3,4.53484,-6.27039,-4.53797,0.43959,-3.74801,2.82712,-10.66482,-6.37764,0.80764,2.39932,4.75632,4.06572,7.50588,-14.99204,0.11473,0.83985,0.01074,0.58028,-1.3475,0.04581,-0.72346,0.50548,-0.05143
2016Q4,986.80858,3943.84165,479.71172,0.2235,1169.58993,4665.15705,550.28013,201.52156,1090.02507,484.15046,-45.94424,-11.09288,681.23328,2.15811,1.80227,0.38847,0.45,1.9658,3.21027,2.63902,2.48789,-1.92633,9.79014,3,4.45369,-4.02575,-4.09198,0.05942,-1.53786,1.82872,-4.48627,-2.7872,-0.67867,2.42032,3.49912,20.17112,4.33532,-6.15144,0.34675,1.37584,0.03022,0.02488,0.0293,-0.01289,-0.17204,0.67849,-0.00807
2017Q1,987.29429,3945.90762,480.62265,1.11945,1170.09038,4669.76426,551.00125,200.56059,1092.20422,485.10895,-46.13675,-18.40318,681.18324,2.06597,1.87399,3.68198,0.7,1.27509,4.60721,3.37522,2.57763,-3.24761,11.74825,3,3.85272,-2.14326,-4.56341,-0.53686,0.43437,3.64372,-0.77003,-3.84388,3.58381,2.88448,3.83396,8.7166,-29.24121,1.73748,0.09112,2.8326,0.25807,-0.87973,1.0257,-0.05071,-1.54442,1.84905,-0.05693
2017Q2,987.8526,3948.21129,480.68768,1.79025,1167.83577,4672.2209,551.52199,199.33693,1095.31356,486.13236,-46.93916,-20.49747,680.02461,2.30367,2.07935,2.13992,0.95,1.59899,2.45664,3.08066,2.44677,-4.47584,11.3477,3,4.04576,-4.78269,-6.44429,-0.21313,-2.33592,0.26012,-3.20964,-4.89464,2.68318,2.08296,4.09364,12.43736,-8.37715,-9.34368,0.36971,-1.45553,0.20354,0.54682,-1.69078,-0.43179,-1.70863,-0.41654,-0.04317
2017Q3,988.63804,3950.59351,481.21683,2.75716,1167.76435,4675.28043,551.96587,198.71142,1095.68726,487.93049,-48.65814,-17.53133,679.92825,2.38222,2.22749,1.96229,1.15333,2.36399,3.05953,3.33341,2.29082,-3.50694,10.70497,3,4.65481,-3.83547,-5.35462,-0.04701,-1.54465,2.1166,-6.87594,-2.50204,3.86764,1.77552,7.19252,1.4948,11.86456,-6.1786,0.34278,-0.43762,0.17115,0.92229,-0.15253,-0.51178,0.84883,-0.5297,0.0652
2017Q4,989.75878,3953.54371,482.63485,2.70071,1171.62232,4677.31282,552.54422,199.32062,1100.73598,488.89176,-47.48614,-17.50731,681.95547,2.9502,2.42552,2.92313,1.20333,2.47721,2.03239,3.03894,2.26409,-2.20094,10.71091,2.83333,4.7413,-1.5419,-6.41443,-0.33596,0.72219,5.67208,4.68801,2.4368,-0.22579,2.3134,3.84508,20.19488,0.09608,2.88876,0.87591,0.19367,-0.00984,0.34878,-2.00909,-0.23895,1.28432,0.78057,-0.07187
2018Q1,990.5689,3956.81832,483.88424,3.19458,1172.72995,4679.95239,553.16982,199.67801,1102.75354,489.35265,-45.92631,-24.14436,683.56225,3.27461,2.72768,3.26159,1.44667,2.07513,2.63957,2.54703,2.16857,-0.88258,10.54932,2.75,4.2437,0.21044,-5.74118,-0.41459,2.37901,4.99756,6.23933,1.42956,1.97549,2.5024,1.84356,8.07024,-26.54821,9.51604,0.94828,-0.26125,0.17513,-0.1365,-1.1648,-0.33385,1.03278,0.25421,-0.00263
2018Q2,991.09832,3960.06404,484.99047,3.37232,1172.01488,4684.1315,553.79689,200.72267,1101.21142,489.98933,-43.52553,-19.94132,685.71314,3.24572,2.96319,4.30279,1.73667,1.58207,4.17911,2.97765,2.2749,1.38574,5.89786,2.75,3.85697,3.41363,0.55615,-0.51743,5.68853,4.42492,9.60312,4.17864,0.71094,2.50828,2.54672,-6.16848,16.81217,22.75412,0.77544,0.67331,0.24508,-0.41727,0.26562,-0.21204,2.18315,-4.61387,0.04399
2018Q3,991.72008,3963.14608,484.90587,3.6489,1171.20437,4687.57152,554.51846,202.10441,1101.65724,491.37482,-44.1287,-17.5087,687.01028,3.08204,3.13814,3.68904,1.92333,0.89174,3.44002,3.07277,2.55259,3.39299,5.96998,2.75,3.44433,4.52944,0.02263,-0.633,7.08203,-0.3384,-2.4127,5.52696,1.10632,2.88628,5.54196,1.78328,9.73048,28.32812,0.62458,-0.60037,0.1441,-0.38247,-0.68025,0.0481,2.19735,-1.15456,0.17117
2018Q4,991.86162,3965.24892,484.06086,3.42125,1174.78149,4690.73069,555.03451,204.3596,1107.98326,492.10259,-43.51144,-19.10513,688.42046,2.10284,2.9263,1.42601,2.22,0.72054,3.15917,3.35447,2.49029,5.03898,7.24728,2.75,3.21083,3.9747,-1.59782,-0.31167,6.46499,-3.38004,2.46905,9.02076,-0.91059,2.0642,2.91108,25.30408,-6.38572,25.85996,-0.28199,-1.60692,0.30861,0.14479,0.25364,-0.31186,1.95407,-0.75775,0.21742
2019Q1,992.40326,3967.08328,483.51732,5.0633,1176.40784,4694.40858,555.45816,204.3701,1109.13839,493.50971,-43.88948,-24.56298,687.88742,1.83436,2.56624,-0.36692,2.40333,1.86872,3.67789,3.61405,2.28834,4.69209,6.38485,2.75,4.15706,2.03683,-0.41862,0.12936,4.32517,-2.17416,-1.51215,0.042,6.56821,1.6946,5.62848,4.62052,-21.83141,17.30068,-0.11596,-1.82446,0.1859,1.46112,0.95692,-0.52482,1.07336,-2.60511,0.02423
2019Q2,993.2295,3969.21446,484.03656,5.66623,1175.72703,4698.12073,556.09262,203.76124,1111.50361,494.57897,-43.7366,-24.22563,687.7978,2.13118,2.28761,-0.95391,2.39667,2.29391,3.71215,3.49731,2.29573,3.03857,10.29219,2.75,4.58964,-0.21107,-4.28431,0.11259,2.08466,2.07696,0.61152,-2.43544,2.4117,2.53784,4.27704,9.46088,1.34941,8.33864,0.29999,-1.41115,-0.02607,0.91729,0.30379,-0.10887,-0.27221,2.77728,-0.03154
2019Q3,994.35531,3971.84969,483.09409,4.58902,1175.16869,4702.08505,556.58954,203.9167,1114.51378,494.38602,-46.19927,-24.32984,687.01079,2.63523,2.1759,-1.81178,2.19,0.94012,3.96432,3.62838,2.07108,1.81229,12.85654,2.75,3.0112,-2.07057,-6.82114,0.27265,0.00051,-3.76988,-9.8507,0.62184,-4.30884,1.98768,-0.7718,12.04068,-0.41684,0.00204,0.67233,-2.14732,-0.258,-0.75124,-0.47958,-0.03371,-1.19928,2.24945,0.04208
2019Q4,994.99459,3974.98266,482.72647,4.18953,1179.17202,4706.47558,557.05763,204.36297,1120.95858,494.89399,-46.86558,-25.6668,687.08944,3.13297,2.43344,-1.33439,1.64333,0.76828,4.39053,3.93622,2.02312,0.00337,12.97532,2.75,2.7914,-3.35414,-6.56167,0.22765,-1.33102,-1.47048,-2.66523,1.78508,-1.59795,1.87236,2.03188,25.7792,-5.34784,-5.32408,0.94641,-1.25671,-0.61109,0.12861,-0.38695,0.01956,-1.00869,0.06183,0.06209
2020Q1,993.62235,3976.20175,481.87667,4.54136,1177.16475,4707.23249,557.56341,203.82095,1121.21947,495.09302,-48.18453,-33.7819,685.69762,1.21909,2.27962,-1.64065,1.26,-0.52194,0.75691,3.20598,2.10525,-0.54915,12.08108,2.75,1.58331,-4.29505,-9.21892,0.20524,-2.1898,-3.3992,-5.27579,-2.16808,1.40733,2.02312,0.79612,1.04356,-32.46041,-8.7592,-1.18834,-0.06562,-0.29979,-1.1963,-2.58201,0.30988,-1.39945,-1.24292,0.15535
2020Q2,985.40257,3968.37482,478.02404,5.76691,1166.27934,4697.7848,557.99517,204.13679,1127.68625,496.5822,-51.27612,-47.95341,682.16083,-7.82693,-0.20991,-6.01252,0.06,0.10068,-9.44769,-0.08398,1.90255,0.37555,16.18264,2,2.00323,-7.53952,-23.72778,0.07722,-5.63697,-15.41052,-12.36636,1.26336,4.90218,1.72704,5.95672,25.86712,-56.68603,-22.54788,-9.3851,2.93789,-0.54049,0.40747,-3.94692,-0.16624,-0.16326,1.78971,-0.09146
2020Q3,992.87549,3966.895,480.91869,6.59432,1173.76955,4696.38566,558.51294,204.37373,1133.69382,498.31472,-49.84104,-42.98562,685.29242,-1.47982,-1.23867,-2.1754,0.09333,2.0053,-1.39914,-1.42485,1.9234,0.45703,19.18004,1.75,3.9287,-3.64177,-18.65578,-0.76804,-1.71837,11.5786,5.7403,0.94776,3.30964,2.07108,6.93008,24.03028,19.87116,-6.87348,0.97604,1.06933,-0.0394,1.56083,-0.91275,-0.04583,1.57994,3.41777,-0.04319
2020Q4,993.90539,3965.8058,481.94885,7.21806,1181.46362,4698.67726,559.10794,205.29025,1141.8532,499.97283,-48.76623,-42.21951,687.2391,-1.0892,-2.29421,-0.77762,0.09,3.02853,2.2916,-1.94958,2.05031,0.92728,20.89462,1.75,5.07884,-1.90065,-16.55271,-1.06688,0.14966,4.12064,4.29925,3.66608,2.49497,2.38,6.63244,32.63752,3.06444,0.59864,-1.44977,1.66445,0.09362,0.83935,1.59271,-0.21912,1.0365,2.55885,0.10749
2021Q1,995.18272,3967.36617,486.16573,7.72993,1181.54374,4703.05625,559.91072,204.79336,1142.41247,500.6289,-45.27037,-48.2486,690.95909,1.56037,-2.20889,4.28906,0.08,3.18857,4.37899,-1.04406,2.34731,0.97241,21.193,1.75,5.53588,2.91416,-14.4667,-1.98061,5.26147,16.86752,13.98345,-1.98756,2.04749,3.21112,2.62428,2.23708,-24.11637,21.04588,1.02647,3.51094,-0.06358,-0.17345,-0.19098,0.00197,0.93492,2.91799,-0.02557
2021Q2,996.69103,3978.65463,490.30783,7.78076,1180.60084,4717.37775,560.6313,204.42457,1143.58589,501.23218,-41.34068,-46.89542,694.7324,11.28846,2.56995,12.28379,0.07,2.01385,14.3215,4.89824,2.63613,0.28778,15.89964,1.75,4.64998,9.93544,1.05799,-3.18714,12.57157,16.5684,15.71876,-1.47516,0.2033,2.88232,2.41312,4.69368,5.41273,50.28628,9.57885,0.20213,-0.6714,-1.12021,1.15674,-0.05058,1.38267,-1.41218,-0.20625
2021Q3,997.50211,3983.28125,492.23902,7.37958,1181.63203,4725.24023,561.36131,204.62006,1145.41659,501.94835,-41.12275,-43.99754,696.85908,4.62662,4.09656,11.32033,0.09,0.78526,7.86248,7.21364,2.84837,0.24633,11.72277,1.75,3.63363,8.71829,-1.01192,-3.10973,11.56666,7.72476,0.8717,0.78196,-1.60472,2.92004,2.86468,7.3228,11.59152,46.26664,-1.39968,2.7287,0.12293,-1.47777,0.93975,-0.60145,-0.69383,-4.52619,0.01688
2021Q4,999.18464,3988.5605,494.26388,6.6724,1186.21145,4729.98806,562.58028,204.50337,1153.61753,502.89951,-40.71042,-45.76367,698.76725,5.27925,5.68868,12.31503,0.08,-0.54566,4.74783,7.8277,3.47234,-0.78688,11.76433,1.75,2.92668,8.05581,-3.54416,-3.6961,11.52815,8.09944,1.64933,-0.46676,-2.82871,4.87588,3.80464,32.80376,-7.06452,46.1126,2.20904,1.31109,-0.16343,-1.49542,-2.76317,0.13986,-0.93941,-0.50514,0.03663
2022Q1,998.68572,3992.0635,498.74451,6.61411,1186.19885,4734.64317,564.31008,204.10237,1153.661,503.91244,-37.78194,-50.44266,702.84688,3.503,6.17433,12.57878,0.12,-1.11582,4.65511,7.89673,4.39936,-0.69099,11.24853,1.75,3.28354,7.48843,-2.19406,-4.34077,11.88779,17.92252,11.71393,-1.604,-0.23315,6.9192,4.05172,0.17388,-18.71597,47.55116,0.14319,2.61896,0.03785,-1.10278,0.2372,0.22149,0.08878,-2.2435,0.06615
2022Q2,998.54435,3993.91682,503.38526,7.36815,1184.96101,4739.00334,566.86157,203.98207,1156.84967,507.04984,-34.93602,-49.56876,707.36733,1.85332,3.81555,13.07743,0.77,-0.41261,4.36017,5.4064,6.23027,-0.4425,13.26378,2,5.81766,6.40466,-2.67334,-5.38145,12.63493,18.563,11.38368,-0.4812,3.01614,10.20596,12.5496,12.75468,3.49561,50.53972,-0.7183,3.66784,0.71608,-0.17892,1.16103,0.93342,0.48546,0.21389,0.06023
2022Q3,999.20081,3995.61552,500.70639,7.74893,1185.34271,4742.71402,569.38438,204.85963,1158.44422,510.34077,-40.43888,-45.29142,705.56602,1.6987,3.08357,8.46737,2.19,0.36935,3.71068,4.36845,8.02307,0.23957,13.02763,2.66667,8.39242,0.68387,-1.29388,-5.17621,8.70694,-10.71548,-22.01146,3.51024,1.52312,10.09124,13.16372,6.3782,17.10936,34.82776,-0.1409,-1.82437,1.40558,0.49036,0.29488,1.08344,-0.18127,-1.29634,0.07867
2022Q4,999.83422,3996.2651,498.52533,6.75204,1189.6542,4746.15677,571.45632,206.0391,1164.71438,511.85519,-43.78928,-44.54173,704.56443,0.64958,1.92615,4.26145,3.65333,0.07964,3.44275,4.04218,8.87604,1.53573,11.09685,3.5,8.95568,-3.07886,1.22194,-4.22374,5.79718,-8.72424,-13.40159,4.71788,-3.98755,8.28776,6.05768,25.08064,2.99876,23.18872,-1.12141,-1.6719,1.53481,-0.48628,0.91669,0.71022,-0.43878,-2.76503,0.10714
2023Q1,1000.38906,3997.96844,497.31051,6.98692,1189.97499,4749.93291,572.95859,205.77723,1165.80592,512.93376,-46.18959,-50.16293,703.08774,1.70334,1.47624,-1.434,4.51667,0.37281,3.77614,3.82244,8.64851,1.67486,12.14492,4.41667,9.02132,-8.40765,0.27973,-2.33403,0.24086,-4.85928,-9.60123,-1.04748,0.93953,6.00908,4.31428,4.36616,-22.48481,0.96344,0.39788,-5.49444,0.81633,0.73092,0.2307,0.06181,-0.66387,0.20599,0.30675
2023Q2,1000.89888,4000.32297,496.1922,6.42698,1188.79876,4753.77066,574.17956,205.61236,1168.9247,513.42666,-47.81678,-50.48805,701.80456,2.35453,1.60154,-7.19306,4.99,-0.94117,3.83775,3.69183,7.31799,1.63029,12.07503,4.91667,6.37682,-12.88076,-0.91929,-0.16363,-5.56277,-4.47324,-6.50876,-0.65948,-2.23978,4.88388,1.9716,12.47512,-1.30047,-22.25108,0.58148,-7.08452,0.4106,-0.55955,-0.48819,-0.41447,-1.84812,-0.39405,0.08651
2023Q3,1002.08568,4003.20784,496.41223,6.19527,1189.01022,4757.43817,575.40173,206.16591,1169.32245,514.80446,-49.44411,-46.48479,702.57814,2.88487,1.89808,-4.29416,5.26,-1.55366,3.66751,3.68104,6.01735,1.30628,10.87823,5,4.46369,-9.00523,-1.19337,0.3795,-2.98788,0.88012,-6.50934,2.2142,-0.92684,4.88868,5.5112,1.591,16.01304,-11.95152,0.82286,-0.01865,0.26123,-0.93881,-0.94784,-0.3403,-0.92139,-0.82973,-0.18266
2023Q4,1002.13156,4005.50518,495.73617,5.50783,1193.26003,4761.044,576.94174,207.29563,1175.68764,516.0964,-50.80734,-46.42374,703.0318,2.29734,2.31002,-2.78916,5.20955,-1.24421,3.60583,3.72181,5.48542,1.25653,10.97326,5.10776,4.24121,-7.01805,-1.88201,0.63262,-1.53263,-2.70426,-5.45288,4.5189,-2.74976,6.16006,5.16777,25.46076,0.24421,-6.13052,0,0,0,0,0,0,0,0,0
2024Q1,1002.42569,4007.54181,495.66525,6.00831,1193.56337,4764.63238,578.05875,207.00856,1176.61296,517.05531,-51.70367,-52.28144,702.67381,2.03663,2.39334,-1.64526,5.15975,-0.97861,3.58838,3.67487,5.10016,1.23133,10.80704,5.18856,4.12155,-5.51409,-2.1185,0.81875,-0.41393,-0.28365,-3.58536,-1.14832,2.00194,4.468,3.83561,3.70128,-23.43079,-1.65572,0,0,0,0,0,0,0,0,0
2024Q2,1002.81982,4009.46275,495.4164,5.67032,1192.37139,4768.20501,579.00121,206.82644,1179.40585,517.49165,-52.20015,-52.57493,702.24284,1.92094,2.28495,-0.7758,5.11059,-0.75666,3.57263,3.60859,4.82165,1.21408,10.48115,5.25189,4.06499,-4.38337,-2.08688,0.95886,0.43828,-0.99542,-1.98589,-0.72846,-1.35196,3.76984,1.74538,11.17158,-1.17399,1.75311,0,0,0,0,0,0,0,0,0
2024Q3,1003.95529,4011.33236,496.29728,5.61956,1192.55877,4771.75356,580.02223,207.36145,1179.3894,518.84925,-52.98403,-48.38269,703.65873,1.86961,2.03113,-0.11495,5.06206,-0.57571,3.54855,3.57885,4.6205,1.19554,10.06695,5.30372,4.04479,-3.53991,-1.8979,1.06718,1.08059,3.52352,-3.13553,2.14003,-0.20306,4.08409,5.4304,-0.06581,16.76897,4.32234,0,0,0,0,0,0,0,0,0
2024Q4,1003.97839,4013.17919,496.12351,5.07603,1196.77648,4775.27001,581.41689,208.46678,1185.30148,520.13974,-53.72399,-48.04599,704.59029,1.84683,1.9185,0.38734,5.01416,-0.4318,3.51646,3.5565,4.47514,1.17115,9.61384,5.34761,4.04334,-2.91665,-1.62225,1.15322,1.55849,-0.69508,-2.95984,4.42133,-2.17412,5.57862,5.16197,23.64833,1.34682,6.23395,0,0,0,0,0,0,0,0,0
2025Q1,1004.26241,4015.01592,496.43438,5.68796,1197.04259,4778.74923,582.42855,208.14783,1185.76836,521.10476,-54.16508,-53.58782,704.58221,1.83672,1.86853,0.76912,4.96688,-0.32035,3.47922,3.52921,4.3698,1.13927,9.1554,5.38559,4.04946,-2.46141,-1.30638,1.22322,1.9084,1.24347,-1.76438,-1.27581,2.44775,4.04666,3.86008,1.86752,-22.16733,7.63359,0,0,0,0,0,0,0,0,0
2025Q2,1004.65206,4016.84816,496.4757,5.43368,1195.81117,4782.18901,583.29423,207.92646,1188.11965,521.54804,-54.33385,-53.55592,704.40216,1.83224,1.84635,1.0593,4.9202,-0.23664,3.43978,3.496,4.29303,1.10002,8.7138,5.4187,4.05639,-2.13371,-0.98099,1.28119,2.15932,0.1653,-0.67509,-0.88549,-1.01712,3.46274,1.77312,9.40516,0.1276,8.63729,0,0,0,0,0,0,0,0,0
2025Q3,1005.78554,4018.67841,497.57714,5.44343,1195.95925,4785.5895,584.25877,208.41586,1187.69245,522.90966,-54.88629,-49.04872,705.993,1.83025,1.83651,1.27986,4.87413,-0.17613,3.40048,3.45899,4.23654,1.05441,8.30305,5.4474,4.06041,-1.90226,-0.66603,1.32967,2.33427,4.40576,-2.20976,1.9576,0.03898,3.85813,5.44648,-1.70882,18.02881,9.33709,0,0,0,0,0,0,0,0,0
2025Q4,1005.80776,4020.50777,497.57101,4.94142,1200.13944,4788.95246,585.61128,209.47069,1193.23286,524.19953,-55.46697,-48.42001,707.0417,1.82937,1.83214,1.44751,4.82865,-0.13461,3.36296,3.42061,4.19439,1.00391,7.93138,5.47182,4.05979,-1.74298,-0.37402,1.3702,2.45142,-0.02451,-2.32269,4.21933,-2.00803,5.41004,5.15948,22.16165,2.51482,9.80566,0,0,0,0,0,0,0,0,0
2026Q1,1006.09139,4022.33674,498.0093,5.57967,1200.37087,4792.28074,586.59092,209.09792,1193.37131,525.15884,-55.80244,-53.70011,707.10722,1.82897,1.83021,1.57492,4.78375,-0.10829,3.32828,3.38288,4.16237,0.95009,7.60294,5.49197,4.05408,-1.63736,-0.11229,1.40374,2.52502,1.75315,-1.34189,-1.49107,2.553,3.91858,3.83724,0.55379,-21.12039,10.10007,0,0,0,0,0,0,0,0,0
2026Q2,1006.48086,4024.16554,498.14748,5.33981,1199.10825,4795.57782,587.43174,208.82092,1195.43873,525.59168,-55.90513,-53.44041,706.96839,1.8288,1.82935,1.67177,4.73944,-0.09387,3.29708,3.3472,4.13751,0.89446,7.31908,5.50778,4.04363,-1.57127,0.11551,1.43086,2.56623,0.5527,-0.41076,-1.10802,-0.95945,3.36328,1.73133,8.26969,1.03879,10.26494,0,0,0,0,0,0,0,0,0
2026Q3,1007.61426,4025.99427,499.32253,5.35494,1199.22891,4798.84747,588.3765,209.2542,1194.77162,526.9389,-56.42029,-48.74051,708.57673,1.82872,1.82897,1.74539,4.69569,-0.08849,3.26965,3.31449,4.11773,0.83834,7.07917,5.51922,4.02924,-1.534,0.30821,1.45194,2.58373,4.7002,-2.06066,1.73313,0.06051,3.77902,5.38889,-2.66844,18.79961,10.33491,0,0,0,0,0,0,0,0,0
2026Q4,1007.63644,4027.82296,499.37235,4.85169,1203.38553,4802.09356,589.7129,210.25355,1200.1142,528.21142,-56.98439,-47.95365,709.6259,1.82869,1.8288,1.80134,4.65251,-0.08973,3.24609,3.28527,4.10162,0.78286,6.88134,5.52633,4.01189,-1.51743,0.46636,1.46726,2.58419,0.19929,-2.2564,3.99739,-2.013,5.34561,5.09008,21.37035,3.14743,10.33677,0,0,0,0,0,0,0,0,0
2027Q1,1007.92006,4029.65163,499.85316,5.48408,1203.59717,4805.31986,590.67915,209.82681,1200.0942,529.15148,-57.31791,-53.10848,709.67998,1.82867,1.82872,1.84386,4.60988,-0.09559,3.2263,3.25978,4.08823,0.72889,6.7229,5.52918,3.99264,-1.51547,0.59163,1.47707,2.57275,1.92326,-1.33406,-1.70693,2.52958,3.865,3.76025,-0.08,-20.61931,10.29102,0,0,0,0,0,0,0,0,0
2027Q2,1008.30953,4031.4803,500.02366,5.23539,1202.31837,4808.52998,591.50866,209.49805,1202.03938,529.56418,-57.42873,-52.75402,709.52171,1.82867,1.82869,1.87619,4.5678,-0.10442,3.21012,3.23804,4.07692,0.67713,6.60065,5.52795,3.9725,-1.5236,0.68639,1.48164,2.55331,0.68199,-0.44328,-1.31507,-0.99475,3.31804,1.65079,7.7807,1.41781,10.21326,0,0,0,0,0,0,0,0,0
2027Q3,1009.44293,4033.30896,501.22328,5.24005,1202.4262,4811.72727,592.44378,209.88225,1201.28279,530.89129,-57.95877,-47.9871,711.10553,1.82866,1.82867,1.90075,4.52627,-0.11489,3.1973,3.21995,4.06728,0.62805,6.51118,5.52286,3.95239,-1.53847,0.7534,1.48125,2.52881,4.79848,-2.12015,1.53683,0.01861,3.74047,5.30845,-3.02634,19.06767,10.11523,0,0,0,0,0,0,0,0,0
2027Q4,1009.46511,4035.13762,501.29178,4.72571,1206.57308,4814.91482,593.77196,210.83554,1206.56518,532.14451,-58.54204,-47.15801,712.12731,1.82866,1.82867,1.91943,4.48526,-0.12597,3.18755,3.20532,4.05906,0.58199,6.45097,5.5142,3.93309,-1.55765,0.79564,1.47623,2.50142,0.27398,-2.3331,3.81313,-2.05733,5.31274,5.01288,21.12954,3.31638,10.00566,0,0,0,0,0,0,0,0,0
2028Q1,1009.74872,4036.96628,501.78678,5.34722,1206.77775,4818.0954,594.73126,210.36593,1206.51078,533.06672,-58.89728,-52.29237,712.15272,1.82866,1.82866,1.93362,4.44479,-0.13687,3.18058,3.19389,4.05211,0.53912,6.41658,5.50229,3.91524,-1.57937,0.8161,1.46693,2.47274,1.98003,-1.42094,-1.87842,2.48601,3.83717,3.68885,-0.21758,-20.53745,9.89095,0,0,0,0,0,0,0,0,0
2028Q2,1010.13819,4038.79495,501.96807,5.08843,1205.49445,4821.27148,595.55497,209.99756,1208.44403,533.46352,-59.03112,-51.93629,711.96563,1.82866,1.82866,1.94441,4.40484,-0.14697,3.17608,3.18537,4.04631,0.49951,6.40465,5.48748,3.89934,-1.60239,0.81774,1.45374,2.44392,0.72514,-0.53536,-1.47349,-1.03516,3.29485,1.5872,7.73298,1.42434,9.77568,0,0,0,0,0,0,0,0,0
2028Q3,1011.27159,4040.62361,503.17589,5.08419,1205.59995,4824.44522,596.48539,210.34541,1207.69481,534.77705,-59.58461,-47.18376,713.5213,1.82866,1.82866,1.95261,4.3654,-0.15585,3.17375,3.17949,4.04161,0.46316,6.41201,5.47014,3.88576,-1.62585,0.80335,1.43706,2.41577,4.83128,-2.21398,1.39142,-0.01693,3.72169,5.25413,-2.99688,19.01011,9.66307,0,0,0,0,0,0,0,0,0
2028Q4,1011.29377,4042.45227,503.25062,4.56248,1209.74638,4827.61852,597.80994,211.26551,1213.00089,536.01925,-60.1912,-46.38244,714.51613,1.82866,1.82866,1.95884,4.32647,-0.16323,3.1733,3.17592,4.03798,0.42998,6.43571,5.45063,3.87474,-1.64916,0.77556,1.41731,2.38882,0.29891,-2.42636,3.68039,-2.08685,5.2982,4.96881,21.22433,3.20525,9.55527,0,0,0,0,0,0,0,0,0
2029Q1,1011.57738,4044.28093,503.75036,5.17828,1209.95221,4830.79298,598.76662,210.76576,1212.98379,536.93315,-60.56923,-51.55556,714.51613,1.82866,1.82866,1.96358,4.28804,-0.16894,3.17446,3.1744,4.03537,0.39983,6.47301,5.42933,3.86643,-1.67195,0.73682,1.39492,2.36341,1.99898,-1.51212,-1.99899,2.46319,3.82672,3.65558,-0.06838,-20.69244,9.45364,0,0,0,0,0,0,0,0,0
2029Q2,1011.96685,4046.10959,503.93525,4.91554,1208.67143,4833.96996,599.58871,210.37012,1214.96544,537.32438,-60.72512,-51.24698,714.30537,1.82866,1.82866,1.96718,4.25011,-0.17289,3.17698,3.17462,4.03375,0.37257,6.52142,5.4066,3.86086,-1.694,0.68931,1.37028,2.33974,0.73955,-0.62355,-1.58256,-1.05095,3.28837,1.56492,7.9266,1.23431,9.35898,0,0,0,0,0,0,0,0,0
2029Q3,1013.10025,4047.93825,505.1458,4.90912,1208.78057,4837.15059,600.51847,210.6934,1214.27348,538.63506,-61.29979,-46.54873,715.8392,1.82866,1.82866,1.96992,4.21266,-0.17507,3.18062,3.17634,4.03308,0.34799,6.57868,5.38276,3.85801,-1.71517,0.63502,1.3438,2.3179,4.84222,-2.29868,1.29311,-0.02567,3.71902,5.24271,-2.76784,18.79297,9.27161,0,0,0,0,0,0,0,0,0
2029Q4,1013.12243,4049.76691,505.22261,4.38694,1212.93155,4840.33576,601.84326,211.59141,1219.64366,539.87703,-61.92663,-45.80672,716.81402,1.82866,1.82866,1.972,4.1757,-0.17554,3.18518,3.17931,4.03332,0.3259,6.64277,5.35814,3.85778,-1.73542,0.57572,1.31587,2.2979,0.30723,-2.50735,3.59204,-2.08874,5.29916,4.96789,21.48072,2.96804,9.19158,0,0,0,0,0,0,0,0,0
2030Q1,1013.40604,4051.59557,505.72394,5.00389,1213.14266,4843.52621,602.80104,211.07186,1219.69572,540.79318,-62.32397,-51.04262,716.7958,1.82866,1.82866,1.97358,4.13921,-0.17439,3.19045,3.18331,4.03442,0.3061,6.71193,5.33302,3.86003,-1.75474,0.51294,1.28683,2.27968,2.00531,-1.5894,-2.07819,2.46781,3.83112,3.6646,0.20823,-20.94357,9.1187,0,0,0,0,0,0,0,0,0
2030Q2,1013.79551,4053.42423,505.91003,4.74381,1211.8677,4846.72248,603.62503,210.65851,1221.75002,541.18897,-62.49828,-50.79896,716.56853,1.82866,1.82866,1.97478,4.1032,-0.17173,3.19627,3.18813,4.03632,0.28838,6.78457,5.30766,3.86459,-1.77316,0.44802,1.25702,2.26316,0.74435,-0.69721,-1.65343,-1.04031,3.29597,1.58316,8.21718,0.97462,9.05264,0,0,0,0,0,0,0,0,0
2030Q3,1014.92891,4055.2529,507.1215,4.74142,1211.98306,4849.92497,604.55743,210.96595,1221.13284,542.50631,-63.09051,-46.16664,718.08744,1.82866,1.82866,1.97569,4.06764,-0.1677,3.20249,3.1936,4.03896,0.27255,6.85936,5.28228,3.87126,-1.79072,0.38209,1.22674,2.24824,4.84588,-2.36891,1.22977,-0.00957,3.72958,5.26938,-2.46871,18.52928,8.99296,0,0,0,0,0,0,0,0,0
2030Q4,1014.95109,4057.08156,507.199,4.22448,1216.14053,4853.13394,605.88553,211.84982,1226.57878,543.75684,-63.7341,-45.4906,719.04882,1.82866,1.82866,1.97639,4.03255,-0.16246,3.20897,3.19955,4.04227,0.25841,6.93512,5.2571,3.87981,-1.80748,0.31613,1.19625,2.2348,0.31001,-2.57438,3.53549,-2.06778,5.31241,5.0021,21.78378,2.70418,8.93918,0,0,0,0,0,0,0,0,0
2031Q1,1015.23471,4058.91022,507.70085,4.84773,1216.35827,4856.34956,606.84722,211.31765,1226.70661,544.6832,-64.14746,-50.7917,719.0185,1.82866,1.82866,1.97691,3.99791,-0.15617,3.21561,3.20584,4.04619,0.24579,7.01089,5.23226,3.89002,-1.82349,0.25091,1.16579,2.2227,2.00742,-1.65344,-2.12869,2.49299,3.84678,3.70545,0.5113,-21.20442,8.8908,0,0,0,0,0,0,0,0,0
2031Q2,1015.62417,4060.73888,507.88734,4.59484,1215.09001,4859.57187,607.67567,210.89301,1228.83586,545.09063,-64.33709,-50.61186,718.78035,1.82866,1.82866,1.97731,3.96371,-0.14897,3.22231,3.21235,4.05063,0.23451,7.08585,5.20793,3.90166,-1.83881,0.1871,1.13556,2.21182,0.74596,-0.75851,-1.69854,-1.01153,3.31376,1.62974,8.51702,0.71936,8.84729,0,0,0,0,0,0,0,0,0
2031Q3,1016.75757,4062.56754,509.09911,4.60039,1215.21204,4862.80085,608.61297,211.19037,1228.29218,546.42083,-64.94401,-46.04146,720.28948,1.82866,1.82866,1.97762,3.92995,-0.14103,3.22898,3.21897,4.05554,0.22442,7.15934,5.1842,3.91452,-1.85351,0.12519,1.10574,2.20204,4.84709,-2.42769,1.18942,0.0222,3.74922,5.32078,-2.17473,18.28163,8.80816,0,0,0,0,0,0,0,0,0
2031Q4,1016.77975,4064.3962,509.17685,4.09199,1219.37609,4866.03642,609.94638,212.0652,1233.80963,547.6852,-65.60172,-45.42504,721.24205,1.82866,1.82866,1.97785,3.89663,-0.13249,3.23556,3.22562,4.06085,0.21538,7.23085,5.16116,3.92836,-1.86762,0.06556,1.07647,2.19323,0.31094,-2.63083,3.49933,-2.03362,5.33362,5.05747,22.06981,2.46568,8.77292,0,0,0,0,0,0,0,0,0
2032Q1,1017.06337,4066.22486,509.67888,4.72424,1219.60027,4869.27842,610.9137,211.5249,1234.00658,548.62619,-66.02866,-50.7832,721.20378,1.82866,1.82866,1.97803,3.86374,-0.12349,3.242,3.23221,4.06648,0.20725,7.29997,5.13889,3.94299,-1.8812,0.00851,1.04786,2.18528,2.00812,-1.70776,-2.16119,2.529,3.8693,3.76397,0.78779,-21.43265,8.74112,0,0,0,0,0,0,0,0,0
2032Q2,1017.45284,4068.05352,509.8655,4.48069,1218.33826,4872.52667,611.74803,211.09294,1236.20228,549.04885,-66.23137,-50.65766,720.95844,1.82866,1.82866,1.97816,3.83127,-0.11415,3.24825,3.2387,4.07237,0.19993,7.36642,5.11743,3.95821,-1.89428,-0.0458,1.02002,2.17809,0.74649,-0.81085,-1.72786,-0.97419,3.33733,1.69064,8.7828,0.50214,8.71235,0,0,0,0,0,0,0,0,0
2032Q3,1018.58623,4069.88219,511.07738,4.49579,1218.46632,4875.78095,612.69143,211.38366,1235.72217,550.39469,-66.85092,-46.13871,722.46103,1.82866,1.82866,1.97826,3.79922,-0.1046,3.25428,3.24502,4.07846,0.19329,7.42999,5.09679,3.97386,-1.90691,-0.09725,0.99299,2.17155,4.8475,-2.4782,1.16287,0.06041,3.77359,5.38337,-1.92044,18.07583,8.6862,0,0,0,0,0,0,0,0,0
2032Q4,1018.60841,4071.71085,511.15519,3.99706,1222.63616,4879.04101,614.03108,212.25245,1241.30021,551.67497,-67.52083,-45.57084,723.40763,1.82866,1.82866,1.97834,3.76758,-0.09493,3.26007,3.25115,4.0847,0.18725,7.49057,5.077,3.98977,-1.91911,-0.14581,0.96684,2.16559,0.31125,-2.67964,3.47516,-1.99493,5.35857,5.12111,22.31214,2.27145,8.66234,0,0,0,0,0,0,0,0,0
2033Q1,1018.89203,4073.53951,511.65728,4.63901,1222.86587,4882.30661,615.00473,211.70662,1241.5547,552.63199,-67.95958,-50.97469,723.36389,1.82866,1.82866,1.9784,3.73635,-0.08523,3.2656,3.25705,4.09103,0.18171,7.54812,5.05804,4.0058,-1.93092,-0.19149,0.94159,2.16011,2.00836,-1.75498,-2.18332,2.56779,3.89463,3.82809,1.01799,-21.61539,8.64045,0,0,0,0,0,0,0,0,0
2033Q2,1019.2815,4075.36817,511.84394,4.40511,1221.60912,4885.57748,615.84544,211.26956,1243.80493,553.07068,-68.17372,-50.89204,723.1135,1.82866,1.82866,1.97844,3.70552,-0.07558,3.27087,3.2627,4.09741,0.17662,7.60265,5.03991,4.02183,-1.94235,-0.23438,0.91725,2.15506,0.74667,-0.85658,-1.74824,-0.93559,3.36285,1.75476,9.00092,0.3306,8.62024,0,0,0,0,0,0,0,0,0
2033Q3,1020.41489,4077.19683,513.05585,4.42975,1221.74219,4888.85334,616.79523,211.55555,1243.3764,554.43244,-68.80435,-46.41327,724.6114,1.82866,1.82866,1.97848,3.67509,-0.06605,3.27587,3.2681,4.1038,0.17189,7.65423,5.02257,4.03775,-1.95343,-0.27456,0.89381,2.15037,4.84764,-2.52252,1.14396,0.09855,3.79914,5.44705,-1.71415,17.91508,8.60147,0,0,0,0,0,0,0,0,0
2033Q4,1020.43707,4079.02549,513.13369,3.94038,1225.91676,4892.13394,618.14123,212.41992,1249.00315,555.72844,-69.48501,-45.88303,725.55361,1.82866,1.82866,1.9785,3.64505,-0.05668,3.2806,3.27323,4.11015,0.16747,7.70294,5.00599,4.05347,-1.96418,-0.31219,0.87126,2.14598,0.31135,-2.72263,3.45749,-1.95748,5.384,5.18399,22.50701,2.12096,8.58391,0,0,0,0,0,0,0,0,0
2034Q1,1020.72069,4080.85415,513.6358,4.59147,1226.15095,4895.41902,619.12118,211.86994,1249.30364,556.70091,-69.93418,-51.3221,725.50574,1.82866,1.82866,1.97852,3.61539,-0.04754,3.28508,3.2781,4.11645,0.16332,7.74893,4.99014,4.06891,-1.97461,-0.3474,0.84957,2.14184,2.00843,-1.7967,-2.19993,2.60439,3.91981,3.88987,1.20195,-21.75626,8.56737,0,0,0,0,0,0,0,0,0
2034Q2,1021.11016,4082.68281,513.82248,4.36647,1224.89843,4898.70833,619.96811,211.42894,1251.59729,557.1547,-70.15846,-51.27243,725.25142,1.82866,1.82866,1.97854,3.58612,-0.03864,3.28931,3.28271,4.12266,0.15938,7.79235,4.97497,4.08402,-1.98474,-0.38039,0.82871,2.13792,0.74673,-0.8971,-1.76398,-0.9,3.38769,1.81519,9.17461,0.19868,8.55169,0,0,0,0,0,0,0,0,0
2034Q3,1022.24355,4084.51148,515.0344,4.39974,1225.03549,4902.00163,620.92399,211.71118,1251.20977,558.53119,-70.79893,-46.82458,726.74558,1.82866,1.82866,1.97855,3.55723,-0.03001,3.2933,3.28707,4.12876,0.15563,7.83338,4.96043,4.09875,-1.99458,-0.41131,0.80865,2.13418,4.84768,-2.56189,1.12895,0.13305,3.82354,5.50595,-1.55006,17.79138,8.53672,0,0,0,0,0,0,0,0,0
2034Q4,1022.26573,4086.34014,515.11225,3.9187,1229.21384,4905.29871,622.27597,212.57195,1256.87533,559.8415,-71.48916,-46.3234,727.6842,1.82866,1.82866,1.97856,3.5287,-0.02168,3.29708,3.29119,4.13474,0.15203,7.87218,4.94648,4.11306,-2.00415,-0.44037,0.78934,2.13059,0.31138,-2.7609,3.44308,-1.92415,5.4079,5.24122,22.66222,2.00474,8.52234,0,0,0,0,0,0,0,0,0
2035Q1,1022.54935,4088.1688,515.61436,4.57783,1229.45159,4908.59935,623.26175,212.01849,1257.21259,560.82783,-71.94764,-51.78983,727.63285,1.82866,1.82866,1.97856,3.50055,-0.01364,3.30064,3.29508,4.14057,0.14855,7.90895,4.93307,4.12693,-2.01346,-0.46774,0.77072,2.12711,2.00846,-1.83393,-2.21385,2.63652,3.94315,3.94534,1.34903,-21.86574,8.50845,0,0,0,0,0,0,0,0,0
2035Q2,1022.93882,4089.99746,515.80105,4.36056,1228.20245,4911.90337,624.11436,211.57411,1259.54116,561.29504,-72.18097,-51.76603,727.37516,1.82866,1.82866,1.97857,3.47276,-0.00592,3.30402,3.29876,4.14625,0.14517,7.94388,4.92015,4.14034,-2.02251,-0.4936,0.75276,2.12374,0.74675,-0.93333,-1.77749,-0.86909,3.41042,1.86883,9.31431,0.09522,8.49496,0,0,0,0,0,0,0,0,0
2035Q3,1024.07222,4091.82612,517.01298,4.40124,1228.34272,4915.2106,625.07577,211.85306,1259.18691,562.68448,-72.83027,-47.34272,728.86603,1.82866,1.82866,1.97857,3.44532,0.0015,3.30722,3.30224,4.15178,0.14188,7.97714,4.90768,4.15328,-2.03133,-0.51814,0.7354,2.12045,4.8477,-2.59716,1.11577,0.16273,3.84565,5.55775,-1.417,17.69324,8.4818,0,0,0,0,0,0,0,0,0
2035Q4,1024.0944,4093.65478,517.09082,3.92732,1232.52411,4918.52087,626.43311,212.7106,1264.88425,564.00727,-73.52908,-46.86491,729.80142,1.82866,1.82866,1.97858,3.41824,0.00862,3.31027,3.30554,4.15715,0.13865,8.00893,4.89561,4.16577,-2.03992,-0.54151,0.7186,2.11723,0.31139,-2.79526,3.43018,-1.89566,5.42937,5.29117,22.78936,1.91125,8.46891,0,0,0,0,0,0,0,0,0
2036Q1,1024.37801,4095.48344,517.59294,4.59328,1232.76477,4921.83404,627.42411,212.15397,1265.25199,565.00564,-73.99593,-52.35371,729.74691,1.82866,1.82866,1.97858,3.39151,0.01546,3.31318,3.30867,4.16235,0.13548,8.0394,4.88389,4.17781,-2.04829,-0.56387,0.70231,2.11406,2.00847,-1.86742,-2.22653,2.66384,3.96397,3.99348,1.47094,-21.9552,8.45624,0,0,0,0,0,0,0,0,0
2036Q2,1024.76748,4097.3121,517.77963,4.38256,1231.51841,4925.15,628.28175,211.70647,1267.60989,565.48444,-74.23743,-52.35141,729.4861,1.82866,1.82866,1.97858,3.36512,0.02201,3.31596,3.31166,4.16739,0.13236,8.06873,4.87249,4.1894,-2.05646,-0.58538,0.68647,2.11094,0.74676,-0.96599,-1.78999,-0.84289,3.43059,1.91521,9.43162,0.0092,8.44375,0,0,0,0,0,0,0,0,0
2036Q3,1025.90088,4099.14077,518.99156,4.42953,1231.66134,4928.46862,629.24805,211.98233,1267.28397,566.88505,-74.89469,-47.94887,730.97389,1.82866,1.82866,1.97858,3.33907,0.02829,3.31863,3.31451,4.17228,0.12927,8.09706,4.86138,4.20057,-2.06442,-0.60615,0.67106,2.10786,4.8477,-2.62903,1.10344,0.18788,3.86519,5.60242,-1.30368,17.61014,8.43142,0,0,0,0,0,0,0,0,0
2036Q4,1025.92306,4100.96943,519.06941,3.96165,1235.8453,4931.78982,630.61012,212.83682,1273.00878,568.2186,-75.60128,-47.49123,731.90623,1.82866,1.82866,1.97858,3.31336,0.03433,3.3212,3.31724,4.17701,0.12622,8.12453,4.85051,4.21134,-2.0722,-0.62632,0.65602,2.10481,0.3114,-2.82637,3.41798,-1.87152,5.44828,5.33423,22.89924,1.83058,8.41923,0,0,0,0,0,0,0,0,0
2037Q1,1026.20667,4102.79809,519.57152,4.63341,1236.08846,4935.11351,631.60569,212.27717,1273.40325,569.22735,-76.07574,-52.99969,731.8487,1.82866,1.82866,1.97858,3.28798,0.04013,3.32369,3.31987,4.18159,0.1232,8.15126,4.83986,4.22172,-2.0798,-0.64599,0.64132,2.10179,2.00847,-1.89781,-2.23861,2.68705,3.98229,4.035,1.57788,-22.03387,8.40715,0,0,0,0,0,0,0,0,0
2037Q2,1026.59614,4104.62675,519.75821,4.42828,1234.84451,4938.43962,632.46778,211.82668,1275.78727,569.71618,-76.32466,-53.01665,731.58489,1.82866,1.82866,1.97858,3.26292,0.04571,3.3261,3.3224,4.18602,0.12021,8.17738,4.8294,4.23174,-2.08723,-0.66525,0.62692,2.09879,0.74676,-0.9957,-1.80196,-0.82055,3.44834,1.95529,9.53608,-0.06784,8.39517,0,0,0,0,0,0,0,0,0
2037Q3,1027.72954,4106.45541,520.97014,4.48063,1234.9898,4941.76808,633.43837,212.09957,1275.48694,571.12647,-76.98919,-48.63306,733.06971,1.82866,1.82866,1.97858,3.23819,0.0511,3.32846,3.32486,4.19032,0.11724,8.20297,4.81911,4.24142,-2.0945,-0.68419,0.61279,2.09582,4.8477,-2.6581,1.09156,0.20942,3.88239,5.64117,-1.20131,17.53439,8.3833,0,0,0,0,0,0,0,0,0
2037Q4,1027.75172,4108.28407,521.04799,4.01795,1239.17607,4945.09884,634.80462,212.95112,1281.23691,572.4694,-77.7029,-48.1941,733.99911,1.82866,1.82866,1.97858,3.21378,0.0563,3.33076,3.32725,4.19449,0.1143,8.22813,4.80896,4.2508,-2.10162,-0.70287,0.59891,2.09288,0.3114,-2.85484,3.40619,-1.8507,5.46497,5.37173,22.99987,1.75584,8.37152,0,0,0,0,0,0,0,0,0
2038Q1,1028.03533,4110.11273,521.55011,4.69475,1239.42148,4948.43186,635.80424,212.38855,1281.65618,573.48724,-78.18432,-53.72106,733.93865,1.82866,1.82866,1.97858,3.18968,0.06134,3.33302,3.32959,4.19855,0.11137,8.25293,4.79894,4.25989,-2.10859,-0.72136,0.58525,2.08996,2.00847,-1.9257,-2.2503,2.7072,3.99849,4.07135,1.67708,-22.10783,8.35983,0,0,0,0,0,0,0,0,0
2038Q2,1028.4248,4111.94139,521.7368,4.49451,1238.17976,4951.76711,636.67026,211.93516,1284.06471,573.98489,-78.44009,-53.75636,733.67195,1.82866,1.82866,1.97858,3.16589,0.06623,3.33525,3.33187,4.20248,0.10847,8.27744,4.78904,4.26871,-2.11542,-0.73971,0.57178,2.08706,0.74676,-1.02305,-1.81356,-0.80099,3.46409,1.9906,9.63411,-0.14123,8.34824,0,0,0,0,0,0,0,0,0
2038Q3,1029.5582,4113.77006,522.94872,4.55161,1238.32724,4955.10455,637.64469,212.20517,1283.78865,575.40377,-79.11132,-49.39101,735.1539,1.82866,1.82866,1.97858,3.14241,0.07098,3.33744,3.33412,4.20632,0.1056,8.3017,4.77923,4.2773,-2.12213,-0.75795,0.55849,2.08418,4.84771,-2.68493,1.08006,0.22843,3.89772,5.67551,-1.10424,17.46142,8.33674,0,0,0,0,0,0,0,0,0
