Variables ->,ln_y_star,ln_y_star_sm,ln_ipei,ln_ipei_sa,ln_cpi_nosub,y,ln_y,ln_y_sa,ln_y_sm,ln_cpi_sub,ln_cpi_sub_sa,s,s_sa,ln_s,bm,bm_sa,ln_bm,ln_bm_sa,ln_cpi,ln_z,ln_z_sa,ln_v,ln_v_sa,ln_ipei_q,d4_ln_y_star,dla_y_star,d4_ln_y_star_sm,d4_ln_ipei,i_star,d4_ln_cpi_nosub,d4_ln_y,dla_y,d4_ln_y_sm,d4_ln_cpi_sub,d4_ln_s,d4_ln_bm,i,d4_ln_cpi,d4_ln_z,d4_ln_v,r,d4_ln_ipei_q,dla_ipei,dla_z,dla_s,dla_cpi_nosub,dla_cpi_sub,dla_cpi,dla_bm,dla_v,dla_ipei_q,s_d4_ln_y_star,s_d4_ln_ipei,s_i_star,s_d4_ln_cpi_nosub,s_d4_ln_y,s_d4_ln_cpi_sub,s_d4_ln_s,s_d4_ln_bm,s_i
Comments ->,Producto Interno Bruto Real EEUU (Logaritmo),"Producto Interno Bruto Real EEUU, Suma movil de 4 trimestres (Logaritmo)",ndice de Precios de transables (Logaritmo),ndice de Precios de transables (Logaritmo),Indice Inflaci贸n No subyacente (Logaritmo),Producto domstico de Guatemala,Producto Interno Bruto Real Guatemala (Logaritmo),Producto Interno Bruto Real Guatemala (Logaritmo),"Producto Interno Bruto Real Guatemala, Suma movil de 4 trimestres (Logaritmo)",Indice Inflaci贸n Subyacente Optima MSE (Logaritmo),Indice Inflaci贸n Subyacente Optima MSE (Logaritmo),Tipo de cambio nominal,Tipo de cambio nominal,Tipo de Cambio Nominal (Logaritmo),Base Monetaria,Base Monetaria,Base Monetaria (Logaritmo),Base Monetaria (Logaritmo),Indice de Precios al Consumidor (Logaritmo),Indice Tipo de Cambio Real (Logaritmo),Indice Tipo de Cambio Real (Logaritmo),Velocidad de circulacion de la Base Monetaria(Logaritmo),Velocidad de circulacion de la Base Monetaria(Logaritmo),ndice de Precios de Transables GTQ (Logaritmo),Tasa de Variaci贸n Interanual del PIB de EEUU,Tasa de variacin intertrimestral anualizada del PIB de EEUU,Tasa de Variaci贸n Interanual de la suma de 4 Trimestres del PIB de EEUU,Tasa de Variaci贸n Interanual del ndice de Precios de Transables,Tasa de Interes de fondos federales,Inflacion No Subyacente Interanual,Tasa de Variaci贸n Interanual del PIB de Guatemala,Tasa de variacin intertrimestral anualizada del PIB de Guatemala,Tasa de Variaci贸n Interanual de la suma de 4 Trimestres del PIB de Guatemala,Inflaci贸n Subyacente Optima MSE Interanual,Tasa de Variaci贸n Interanual del Tipo de Cambio Nominal,Tasa de Variaci贸n Interanual de la Base Monetaria,Tasa de Interes Lider de Politica Monetaria,Inflacion Total Internual,Tasa de Variaci贸n Interanual del Tipo de Cambio Real,Tasa de Variaci贸n Interanual de la Velocidad de circulacion de la Base Monetaria,Tasa de interes real de Politica Monetaria,Tasa de Variaci贸n Interanual del ndice de Precios de Transables en GTQ,Tasa de Variaci贸n Intertrimestral Anualizada del ndice de Precios de Transables,Tasa de Variaci贸n Intertrimestral Anualizada del Tipo de Cambio Real,Tasa de Variaci贸n Intertrimestral Anualizada del Tipo de Cambio Nominal,Inflacion No Subyacente Intertrimestral Anualizada,Inflacion Subyacente Optima MSE Intertrimestral Anualizada,Inflacion Total Intertrimestral Anualizada,Tasa de Variaci贸n Intertrimestral Anualizada de la Base Monetaria,Tasa de Variaci贸n Intertrimestral Anualizada de la Velocidad de circulacion de la Base Monetaria,Tasa de Variaci贸n Intertrimestral Anualizada del ndice de Precios de Transables en GTQ,Shock de crecimiento externo,Shock de precios de transables,Shock de tasa de interes externa,Choque de inflacion no subyacente,Choque de demanda agregada,Choque de inflacion subyacente,Choque cambiario nominal,Choque monetario,Choque de Politica Monetaria
Class[Size] ->,tseries[111-by-1],tseries[111-by-1],tseries[111-by-1],tseries[111-by-1],tseries[111-by-1],tseries[111-by-1],tseries[111-by-1],tseries[111-by-1],tseries[111-by-1],tseries[111-by-1],tseries[111-by-1],tseries[111-by-1],tseries[111-by-1],tseries[111-by-1],tseries[111-by-1],tseries[111-by-1],tseries[111-by-1],tseries[111-by-1],tseries[111-by-1],tseries[111-by-1],tseries[111-by-1],tseries[111-by-1],tseries[111-by-1],tseries[111-by-1],tseries[111-by-1],,tseries[111-by-1],tseries[111-by-1],tseries[111-by-1],tseries[111-by-1],tseries[111-by-1],,tseries[111-by-1],tseries[111-by-1],tseries[111-by-1],tseries[111-by-1],tseries[111-by-1],tseries[111-by-1],tseries[111-by-1],tseries[111-by-1],tseries[111-by-1],tseries[111-by-1],tseries[111-by-1],tseries[111-by-1],tseries[111-by-1],tseries[111-by-1],tseries[111-by-1],tseries[111-by-1],tseries[111-by-1],tseries[111-by-1],tseries[111-by-1],tseries[111-by-1],tseries[111-by-1],tseries[111-by-1],tseries[111-by-1],tseries[111-by-1],tseries[111-by-1],tseries[111-by-1],tseries[111-by-1],tseries[111-by-1]
.endhist,2024Q2,2024Q2,2024Q2,2024Q2,2024Q2,2024Q2,2024Q2,2024Q2,2024Q2,2024Q2,2024Q2,2024Q2,2024Q2,2024Q2,2024Q2,2024Q2,2024Q2,2024Q2,2024Q2,2024Q2,2024Q2,2024Q2,2024Q2,2024Q2,2024Q2,2024Q2,2024Q2,2024Q2,2024Q2,2024Q2,2024Q2,2024Q2,2024Q2,2024Q2,2024Q2,2024Q2,2024Q2,2024Q2,2024Q2,2024Q2,2024Q2,2024Q2,2024Q2,2024Q2,2024Q2,2024Q2,2024Q2,2024Q2,2024Q2,2024Q2,2024Q2,2024Q2,2024Q2,2024Q2,2024Q2,2024Q2,2024Q2,2024Q2,2024Q2,2024Q2
2005Q1,967.05903,3861.02003,466.28397,466.8969369,-0.13698,79263.99744,1128.05393,1124.829002,4487.95348,492.87762,492.5736777,7.699774171,7.671129429,204.1191,17872.08719,17615.1017,979.09954,977.697922,370.73518,0.70744,1.219615527,-4.87225,-3.61021106,670.40307,2.98321,1.95666,2.91407,7.23952,2.66,-0.00104,5.11207,6.12491,5.01671,5.25502,-1.07118,16.8726,2.63667,5.25398,0.91331,-6.5055,-3.33988,6.16834,11.85499,2.00625,-4.20833,-1.09168,8.21998,4.44619,20.60606,-12.95599,7.64667,0.64882,1.06734,0.05301,-0.2616,0.05513,0.0806,-0.24524,0.34224,-0.02444
2005Q2,967.55073,3864.32535,468.12732,467.558028,0.20104,77149.50178,1125.35004,1126.309176,4493.25427,494.37418,494.2293481,7.603327649,7.631866614,202.8586,18374.38584,18439.27731,981.87129,982.2505827,372.47232,0.64959,-0.259815371,-6.07569,-5.004373729,670.98592,3.30533,0.4917,3.03972,7.31049,3.13667,0.20104,5.30079,-2.70389,5.12184,5.71215,-0.94874,17.08863,2.85985,5.9132,0.64959,-6.07569,-3.41553,6.36175,7.3734,-0.23137,-5.042,1.35209,5.98624,6.94856,11.087,-4.81376,2.3314,0.96435,0.49289,0.43298,-0.21096,0.0541,0.09176,-0.18978,0.67838,-0.05437
2005Q3,968.33146,3868.04359,470.26472,469.4872308,0.55751,75770.30195,1123.54617,1126.226778,4498.87916,495.73727,495.9221465,7.599986721,7.618846491,202.81465,18569.37876,18935.74243,982.92692,984.8052705,374.53492,0.19319,-0.202542257,-4.65163,-5.317075085,673.07937,3.71823,0.78073,3.24379,7.89028,3.62333,0.55751,5.6249,-1.80387,5.27909,6.23659,-1.46049,16.51311,3.33671,6.7941,0.19319,-4.65163,-3.31676,6.42978,8.5496,-1.8256,-0.1758,1.42587,5.45236,8.2504,4.22252,5.69626,8.3738,1.23432,0.78347,0.43351,-0.07587,0.10006,0.16498,-0.63434,0.34747,0.04688
2005Q4,968.88515,3871.82637,471.00826,471.6821316,0.78809,78863.6034,1127.54751,1126.977554,4504.49765,497.51997,497.7718343,7.633262177,7.617667958,203.25153,19878.9766,19699.9485,989.7418,988.8112862,376.97313,-0.72308,0.06042994,-5.11119,-6.861735339,674.25979,3.78278,0.55369,3.44739,7.68804,4.04667,0.65215,5.61849,4.00134,5.41406,6.69735,-1.91965,15.79377,3.90152,7.3495,-0.92896,-3.47794,-2.97765,5.76839,2.97416,-3.66511,1.74752,0.92232,7.1308,9.75284,27.25952,-1.83827,4.72168,1.11565,0.24396,0.37957,-0.18497,0.06256,0.16838,-0.85896,0.50491,0.08621
2006Q1,970.22156,3874.9889,471.33099,472.1441745,0.19938,83159.99651,1132.85217,1129.859016,4509.29589,499.81227,499.5286588,7.616664925,7.583742684,203.03386,21062.79094,20774.02369,995.52633,994.1538063,378.00619,-2.26543,-1.638310371,-9.56615,-8.160973408,674.36485,3.16253,1.33641,3.49222,5.04702,4.66333,0.33636,4.79824,5.30466,5.3356,6.93465,-1.08524,16.42679,4.25,7.27101,-2.97287,-4.6939,-2.42141,3.96178,1.29092,-6.1694,-0.87068,-2.35484,9.1692,4.13224,23.13812,-17.81982,0.42024,0.46676,-1.6779,0.60472,-0.35282,-0.15909,0.09266,-0.47563,1.77267,-0.04066
2006Q2,970.48049,3877.91866,473.90189,473.1726882,0.70035,79399.40075,1128.22461,1129.214099,4512.17046,501.15338,501.0315977,7.593322935,7.621029963,202.72693,21822.0477,21943.07823,999.06761,999.6925427,379.75083,-0.48671,-1.559815695,-13.61824,-12.61981602,676.62882,2.92976,0.25893,3.39833,5.77457,4.98667,0.49931,2.87457,-4.62756,4.72905,6.7792,-0.13167,17.19632,4.45152,7.27851,-1.1363,-7.54255,-2.2286,5.6429,10.2836,7.11491,-1.22772,2.00389,5.36444,6.97856,14.16512,-16.20836,9.05588,0.50921,1.02002,0.34097,-0.22466,-1.85958,-0.1517,0.38949,2.67551,-0.09329
2006Q3,970.6298,3880.217,475.06384,474.260971,0.413,80781.30145,1129.95008,1132.543594,4518.57437,502.24951,502.384158,7.589987162,7.611238819,202.68299,22128.27098,22503.77847,1000.46113,1002.079295,380.90265,-1.65159,-2.019046878,-9.26969,-9.838523712,677.74683,2.29834,0.14931,3.04335,4.79912,5.32,-0.14451,6.40391,1.72547,4.9238,6.51224,-0.13166,17.53421,4.92857,6.36773,-1.84478,-4.61806,-1.44573,4.66746,4.6478,-4.65952,-0.17576,-1.14941,4.38452,4.60728,5.57408,17.39422,4.47204,-0.01892,-0.04821,0.3811,-0.88432,2.62755,-0.35737,-1.04478,1.58617,0.13669
2006Q4,971.48602,3882.81787,473.01608,473.669292,-0.34656,85047.20209,1135.09617,1134.239982,4526.12303,503.22731,503.4634903,7.606665482,7.59279028,202.90249,24334.28402,24111.21988,1009.96415,1008.996777,381.54582,-4.77164,-3.975004281,-12.07754,-14.10796119,675.91857,2.60087,0.85622,2.74788,2.00782,5.26333,-1.13465,7.54866,5.14609,5.40634,5.70734,-0.34904,20.22235,5,4.57269,-4.04856,-6.96635,-0.55194,1.65878,-8.19104,-12.48023,0.878,-3.03824,3.9112,2.57268,38.01208,-11.23143,-7.31304,0.5638,-2.60587,-0.06719,-0.91032,1.80268,-0.69125,-1.4694,3.80586,0.00559
2007Q1,971.78625,3884.38256,473.90224,474.9079316,0.95877,88341.80347,1138.89687,1136.293487,4532.16773,505.46568,505.2308658,7.689995513,7.653281182,203.99202,25309.52788,24980.24697,1013.89362,1012.558197,384.41899,-4.38943,-3.656450722,-16.23533,-14.51311698,677.89426,1.56469,0.30023,2.34841,2.57125,5.34667,0.75939,6.0447,3.8007,5.71796,5.65341,0.95816,18.36729,5.00758,6.4128,-2.124,-6.66918,-0.48502,3.52941,3.54464,1.52884,4.35812,5.22132,8.95348,11.49268,15.71788,-16.63114,7.90276,-0.60663,1.09906,0.18479,1.24826,1.37556,-0.33411,1.55329,0.37394,-0.11436
2007Q2,972.39601,3886.29808,476.75182,475.8455679,0.56835,85226.50023,1135.30677,1136.294427,4539.24989,506.85301,506.7612618,7.659982506,7.689792663,203.60097,25448.92802,25641.04768,1014.44289,1015.320777,385.31846,-2.46237,-3.683915539,-16.21173,-15.31212388,680.35279,1.91552,0.60976,2.09486,2.84993,5.29333,-0.132,7.08216,-3.5901,6.76986,5.69963,0.87404,15.37528,5.42857,5.56763,-1.97566,-2.59349,-0.059,3.72397,11.39832,7.70827,-1.5642,-1.56167,5.54932,3.59788,2.19708,0.0944,9.83412,0.20399,0.24312,-0.01334,-1.07073,1.73457,0.11587,-0.83464,-0.58322,0.12034
2007Q3,972.97054,3888.63882,478.52647,477.7492314,0.46308,85488.19712,1135.61336,1138.127463,4544.91317,508.37785,508.4490272,7.679982742,7.701875962,203.86173,26348.11726,26729.53714,1017.91521,1019.282015,387.08107,-3.13856,-3.444353903,-14.93215,-15.41655797,682.3882,2.34074,0.57453,2.10546,3.46263,4.94,0.05008,5.66328,0.30659,6.5847,6.12834,1.17874,17.45408,5.50833,6.17842,-1.48697,-5.66246,-0.39483,4.64137,7.0986,-2.70476,1.04304,-0.42109,6.09936,7.05044,13.88928,5.11834,8.14164,0.47354,0.40912,-0.33072,-0.01002,0.05441,0.45669,0.51856,4.37224,-0.01208
2007Q4,973.59679,3890.74959,481.65794,482.3380449,0.92204,89195.00328,1139.85803,1138.650234,4549.67503,510.14369,510.3555311,7.663227962,7.646694892,203.64333,26943.60886,26699.01517,1020.15014,1019.180638,389.7308,-2.30532,-1.511758174,-10.58529,-13.02483722,685.30127,2.11077,0.62625,1.98293,8.64186,4.10667,1.2686,4.76186,4.24467,5.888,6.91638,0.74084,10.18599,6.01569,8.18498,2.46632,1.49225,-0.88183,9.3827,12.52588,3.33293,-0.8736,1.83584,7.06336,10.59892,8.93972,17.38741,11.65228,0.05488,5.48747,-0.74088,0.45207,-0.01541,0.59248,1.20575,-3.63645,0.13041
2008Q1,973.16904,3892.13238,484.97957,486.0489916,1.63694,90929.60366,1141.78409,1139.61974,4552.56225,513.17542,513.0019564,7.686591137,7.650479045,203.94774,27033.44548,26691.96626,1020.48301,1019.173256,392.8069,-1.06612,-0.323409254,-12.22776,-10.08674472,688.92731,1.38279,-0.42775,1.93746,11.07733,2.91333,0.67817,2.88722,1.92606,5.09863,7.70974,-0.04428,6.58939,6.5119,8.38791,3.32331,4.00757,-1.14729,11.03305,13.28652,4.9568,1.21764,2.8596,12.12692,12.3044,1.33148,-6.56986,14.50416,-0.57105,4.53178,-1.07802,-0.77987,-1.0115,0.73044,0.09417,-0.97428,0.22313
2008Q2,973.76278,3893.49915,490.95263,489.8891414,3.06527,90145.10241,1140.91759,1141.922538,4558.17307,515.73189,515.6654206,7.486531454,7.52214169,201.31056,26330.87542,26561.80371,1017.84975,1018.888451,396.69426,0.56915,-0.705253005,-5.12889,-4.197115948,692.26319,1.36677,0.59374,1.80027,14.20081,2.27333,2.49692,5.61082,-0.8665,4.73079,8.87888,-2.29041,3.40686,6.75,11.3758,3.03152,11.08284,-1.96801,11.9104,23.89224,6.54111,-10.54872,5.71333,10.22588,15.54944,-10.53304,28.39548,13.34352,-0.26404,5.53659,-0.55166,1.36572,3.01883,0.53503,0.01681,-1.1804,-0.31434
2008Q3,973.23611,3893.76472,491.87361,491.2448703,3.40976,88192.29677,1138.72749,1141.12185,4561.2872,518.11954,518.1332236,7.43663826,7.452620876,200.64189,26881.91676,27230.09755,1019.92091,1021.109118,399.76944,-2.75295,-2.937397209,-4.08203,-4.654140423,692.5155,0.26557,-0.52667,1.28148,13.34714,2.02,2.94668,3.11413,-2.1901,4.09351,9.74169,-3.21984,2.0057,7.12681,12.68837,0.38561,10.85012,-1.96807,10.1273,3.68392,-13.2884,-2.67468,1.37795,9.5506,12.30072,8.28464,4.18746,1.00924,-1.35813,3.26223,-0.11999,0.56332,0.52529,0.43379,-0.52202,0.55002,-0.22019
2008Q4,971.02304,3891.19097,479.03898,479.6995574,1.87834,91738.90205,1142.67018,1141.158894,4564.09935,519.66687,519.8492142,7.626306103,7.602798594,203.16036,27605.13541,27374.00453,1022.57571,1021.672662,400.21028,-14.93043,-14.20279892,-0.67553,-3.565521936,682.19934,-2.57375,-2.21307,0.11035,-2.61896,0.29333,0.9563,2.81215,3.94269,3.60608,9.52318,-0.48297,2.42557,7.25,10.47948,-12.62511,9.90976,0.48972,-3.10193,-51.33852,-48.70995,10.07388,-6.12568,6.18932,1.76336,10.6192,13.62597,-41.26464,-3.70881,-10.00665,-1.5583,0.34273,2.70499,0.12698,0.86024,-0.08147,0.23539
2009Q1,969.88161,3887.90354,473.8482,474.7601521,0.30544,90819.79977,1141.66326,1139.913272,4563.97852,520.76008,520.6502051,7.962822321,7.933067695,207.47835,27085.11245,26724.5198,1020.67395,1019.310844,399.06006,-16.25154,-15.60965392,-4.95487,-2.239883271,681.32655,-3.28743,-1.14143,-1.05721,-11.13137,0.20333,-1.3315,-0.12083,-1.00692,2.85407,7.58466,3.53061,0.19094,6.87727,6.25316,-15.18542,7.27289,2.56806,-7.60076,-20.76312,-5.28444,17.27196,-6.2916,4.37284,-4.60088,-7.60704,-17.11734,-3.49116,-3.16259,-6.85962,0.04781,-1.06485,-0.52835,-0.62565,1.01067,-3.16457,-0.11865
2009Q2,969.70229,3883.84305,476.266,475.1992041,-0.42282,89285.9036,1139.95989,1140.910404,4563.02082,521.36739,521.3053241,8.106649088,8.154158771,209.26846,28420.12216,28675.65878,1025.48527,1026.548658,398.84167,-11.79508,-13.00025252,-8.08661,-7.134216629,685.53446,-4.06049,-0.17932,-2.41402,-14.68663,0.20333,-3.48809,-0.9577,-1.70337,1.21194,5.6355,7.9579,7.63552,5.80303,2.14741,-12.36423,-2.95772,2.96126,-6.72873,9.6712,17.82587,7.16044,-2.91303,2.42924,-0.87356,19.24528,-12.52696,16.83164,-3.61896,-3.54714,0.19756,-1.67502,0.15495,-0.35617,2.22944,4.81797,-0.27498
2009Q3,970.05326,3880.6602,478.39187,478.0184101,-0.90513,89414.10296,1140.10337,1142.444591,4564.3967,522.09956,522.0826831,8.253133942,8.260154409,211.0593,28905.93453,29300.85511,1027.18022,1028.441241,399.43457,-9.7973,-9.852113957,-5.98544,-6.800302367,689.45117,-3.18285,0.35097,-3.27613,-13.48174,0.13333,-4.31489,1.37588,0.14348,0.77737,3.98002,10.41741,7.25931,4.8643,-0.33487,-7.04435,-1.90341,2.88153,-3.06433,8.50348,7.99112,7.16336,-1.92925,2.92868,2.3716,6.7798,8.4047,15.66684,-2.39829,-0.70368,0.07093,-1.21498,1.43756,-0.33406,2.02449,-2.68422,-0.22399
2009Q4,971.12853,3880.76569,480.29973,480.9397464,-1.72015,93767.90385,1144.85779,1143.12519,4566.58431,522.74986,522.9111564,8.326641553,8.291918536,211.94602,30154.81829,29897.52776,1031.41,1030.485822,399.69478,-7.96701,-7.324703959,-4.23922,-7.404094606,692.24575,0.10549,1.07527,-2.60632,1.26075,0.09667,-3.59849,2.18761,4.75442,0.62124,3.08299,8.78566,8.83429,4.5,-0.5155,6.96342,-3.56369,0.9816,10.04641,7.63144,7.32113,3.54688,-3.26008,2.6012,1.04084,16.91912,6.98485,11.17832,0.50061,10.59692,0.01018,-1.30554,-1.02011,-0.13804,1.14356,0.46056,0.1418
2010Q1,971.61153,3882.49561,482.08065,482.7115513,-0.45204,93561.10208,1144.637,1143.171979,4569.55805,524.09484,524.0287564,8.178728513,8.160999026,210.15367,30754.07239,30341.93799,1033.37777,1031.996032,401.63734,-8.67853,-8.219432253,-11.35019,-8.230228232,692.23432,1.72992,0.483,-1.35198,8.23245,0.11333,-0.75748,2.97374,-0.22079,1.39488,3.33476,2.67532,12.70382,4.5,2.57728,7.57301,-6.39532,-0.19476,10.90777,7.12368,-2.84608,-7.1694,5.07244,5.37992,7.77024,7.87108,-28.44386,-0.04572,0.66589,6.21922,0.01211,1.45103,-0.11899,-0.26432,-2.62654,2.98601,0.12027
2010Q2,972.57475,3885.36807,482.88633,481.9200598,-0.50394,92080.50245,1143.04185,1143.952,4572.64001,525.15399,525.0857189,8.006665642,8.061576383,208.02744,30472.70366,30700.01608,1032.45866,1033.362036,402.54715,-10.20237,-11.21788203,-8.19144,-7.052964781,690.91377,2.87246,0.96322,0.38126,6.62033,0.16,-0.08112,3.08196,-1.59515,2.4048,3.7866,-1.24102,6.97339,4.5,3.70548,1.59271,-0.10483,-0.08686,5.37931,3.22272,-6.09533,-8.50492,-0.20759,4.2366,3.63924,-3.67644,12.635,-5.2822,1.08761,-1.05939,-0.05224,0.56545,-1.19164,-0.07327,-3.30773,-5.15072,-0.14586
2010Q3,973.34285,3888.65766,482.47427,482.3359708,-0.91259,91027.19618,1141.89136,1144.163814,4574.428,526.02078,525.9957489,8.036607167,8.030151795,208.4007,30983.57487,31475.21472,1034.12125,1035.608893,403.34833,-12.29472,-12.26463109,-7.21726,-8.421627238,690.87497,3.28959,0.7681,1.99937,4.0824,0.18,-0.00746,1.78799,-1.15049,2.50782,3.92122,-2.6586,6.94103,4.5,3.91376,-2.49742,-1.23182,0.18677,1.4238,-1.64824,-8.3694,1.49304,-1.63461,3.46716,3.20472,6.65036,3.89674,-0.1552,0.99776,-2.29369,-0.08345,0.37226,-2.19524,-0.0667,-1.56189,-0.43742,0.08393
2010Q4,973.8666,3891.39573,485.2338,485.8323577,-0.94412,96811.99685,1148.05262,1146.2532,4577.62283,526.90082,527.0381549,8.013261045,7.971122056,208.10978,32438.98113,32135.56988,1038.71161,1037.709792,404.62177,-11.02014,-10.47860089,-4.19504,-7.447182492,693.34358,2.73807,0.52375,2.65751,4.93407,0.17667,0.77603,3.19483,6.16126,2.75963,4.15096,-3.83624,7.30161,4.5,4.92699,-3.05313,0.04418,-0.07177,1.09783,11.03812,5.09829,-1.16368,-0.12612,3.52016,5.09376,18.36144,12.08885,9.87444,0.26114,1.12887,-0.02569,0.65371,0.44601,-0.06443,-0.75707,0.01486,0.02132
2011Q1,973.62871,3893.41291,489.76767,490.0501733,0.10096,97288.69749,1148.54381,1147.215577,4581.52964,528.39011,528.3546719,7.829332051,7.829818474,205.78772,34073.31481,33639.60281,1043.62698,1042.313877,406.48561,-9.65273,-9.359857729,-13.39732,-10.01947344,695.55539,2.01718,-0.23789,2.72933,7.68702,0.14333,0.553,3.90681,0.49119,2.9929,4.29527,-4.36595,10.24921,4.5,4.84827,-0.9742,-2.04713,-0.6418,3.32107,18.13548,5.46964,-9.28824,4.18032,5.95716,7.45536,19.66148,-36.8091,8.84724,-0.21502,3.64941,-0.00069,-0.56625,0.75617,-0.11478,-0.67833,2.97616,0.09442
2011Q2,974.30312,3895.14128,493.81473,493.0476534,0.75366,96227.0036,1147.44653,1148.307233,4585.93432,529.90843,529.8361557,7.689671771,7.743342639,203.98781,34149.89192,34336.78748,1043.85147,1044.520637,408.55919,-8.06804,-8.875427886,-10.42513,-9.165589962,697.80254,1.72837,0.67441,2.4433,10.9284,0.08667,1.2576,4.40468,-1.09728,3.32358,4.75444,-4.03963,11.39281,4.75,6.01204,2.13433,-2.23369,-1.15104,6.88877,16.18824,6.33879,-7.19964,2.61081,6.07328,8.29432,0.89796,11.88876,8.9886,-0.18394,4.77127,-0.01635,0.11412,0.97637,-0.13372,0.66618,2.01813,0.33241
2011Q3,974.28081,3896.07924,493.55452,493.553282,0.94576,96247.70426,1147.46804,1149.718464,4591.511,531.21164,531.1920791,7.813238198,7.794689066,205.58195,33675.68357,34270.20839,1042.45313,1044.147966,410.39754,-9.22408,-9.222509919,-4.7816,-6.230264914,699.13647,0.93796,-0.02231,1.8554,11.08025,0.08333,1.85835,5.57668,0.02151,4.27075,5.19086,-2.81875,8.33188,4.91667,7.04921,3.07064,2.43566,-1.18369,8.2615,-1.04084,-4.62416,6.37656,0.76839,5.21284,7.3534,-5.59336,22.57414,5.33572,-0.8462,3.03652,0.06522,0.30883,2.5243,-0.34629,1.1727,-1.96519,0.16567
2011Q4,975.39778,3897.61042,492.86588,493.428934,-0.25659,100318.9009,1151.61094,1149.821534,4595.06932,532.32324,532.4316381,7.819969857,7.777872283,205.66807,35103.34135,34743.55182,1046.60516,1045.52329,410.73172,-11.25219,-10.72111616,-3.10785,-6.367514766,698.53395,1.53118,1.11697,1.55367,7.63208,0.07667,0.68753,3.55832,4.1429,4.36162,5.42242,-2.44171,7.89355,5.5,6.10995,-0.23205,1.08719,-0.26036,5.19037,-2.75456,-8.11247,0.34448,-4.8094,4.4464,1.33672,16.60812,6.69497,-2.41008,0.09775,-1.34962,-0.04173,-0.72698,-0.89954,-0.04333,-0.76763,0.31897,0.59154
2012Q1,976.23271,3900.21442,493.52192,493.544194,0.02692,101001.4043,1152.28897,1150.980878,4598.81448,533.46194,533.4458919,7.773263585,7.787776166,205.06901,36027.58954,35641.2284,1049.20403,1048.094918,411.4834,-11.68902,-11.4710571,-10.15738,-6.78899031,698.59093,2.604,0.83493,1.70038,3.75425,0.1,-0.07404,3.74516,0.67803,4.32121,5.07183,-0.71871,5.57705,5.5,4.99779,-2.03629,3.23994,0.5588,3.03554,2.62416,-1.74732,-2.39624,1.13404,4.5548,3.00672,10.39548,-28.1981,0.22792,0.90734,-3.31206,-0.08433,-0.23624,-0.54975,-0.39362,0.70368,-1.89382,0.19726
2012Q2,976.67797,3902.58927,493.02138,492.4775184,-0.16121,98806.40405,1150.09177,1150.972476,4601.45972,534.63077,534.566832,7.789867884,7.837628592,205.28239,35511.98059,35618.78804,1047.76254,1048.141706,412.36666,-12.28915,-12.98937246,-6.96862,-5.476483987,698.30377,2.37485,0.44526,1.862,-0.79335,0.13667,-0.91487,2.64524,-2.1972,3.88135,4.72234,1.29458,3.91107,5.5,3.80747,-4.22111,3.45651,1.45195,0.50123,-2.00216,-2.40049,0.85352,-0.75251,4.67532,3.53304,-5.76596,12.75504,-1.14864,0.20214,-4.29772,-0.03201,-0.24083,-0.97766,-0.11287,0.9323,-2.26229,0.30297
2012Q3,976.82232,3905.13078,491.98969,492.0149235,-0.82188,98662.20263,1149.94572,1152.09117,4603.9374,535.88712,535.8714911,7.893057692,7.86667872,206.59836,35625.21669,36272.24533,1048.0809,1049.854976,413.30538,-14.44798,-14.54509546,-3.25621,-4.882877148,698.58805,2.54151,0.14435,2.26289,-1.56483,0.11667,-1.76764,2.47768,-0.14605,3.1066,4.67548,1.01641,5.62777,5,2.90784,-5.2239,1.52539,0.99989,-0.54842,-4.12676,-8.63532,5.26388,-2.64269,5.0254,3.75488,1.27344,14.84966,1.13712,0.47049,-1.84652,-0.08407,-0.64959,-0.96841,0.4249,-0.65738,0.768,-0.2559
2012Q4,976.93789,3906.67089,492.61967,493.1201568,-1.72632,103889.3012,1155.10812,1153.417778,4607.43458,537.04226,537.1190342,7.87999603,7.844226102,206.43274,38672.56837,38252.3461,1056.28858,1055.154887,413.98101,-15.45275,-14.86939912,-4.57507,-7.783035284,699.05241,1.54011,0.11557,2.26512,-0.24621,0.14333,-1.46973,3.49718,5.1624,3.09131,4.71902,0.76467,9.68342,5,3.24929,-4.20056,-1.46722,0.6827,0.51846,2.51992,-4.01911,-0.66248,-3.61776,4.62056,2.70252,32.83072,-5.27547,1.85744,-0.60487,0.99554,0.06077,-0.04532,1.16095,0.26055,0.01147,2.61749,0.28294
2013Q1,977.91934,3908.35752,493.06152,492.9929546,-0.81331,103960.2195,1155.17636,1153.867516,4610.32197,538.34569,538.3446956,7.843259496,7.865905769,205.96545,39111.15502,38805.2751,1057.4163,1056.601504,415.52692,-16.13673,-15.86068649,-10.59851,-7.360639813,699.02697,1.68663,0.98145,2.03578,-0.4604,0.12667,-0.84023,2.88739,0.06824,2.87687,4.88375,0.89644,8.21227,5,4.04352,-4.44771,-0.44113,0.66296,0.43604,1.7674,-2.73592,-1.86916,3.65204,5.21372,6.18364,4.51088,-24.09374,-0.10176,-0.01399,-0.73578,-0.03784,0.4663,-0.47686,0.31435,0.32041,-1.60037,0.15852
2013Q2,978.18678,3909.86633,492.08772,491.7125591,-0.61865,103201.3073,1154.44368,1155.293602,4614.67388,539.39097,539.3389041,7.803323245,7.836171871,205.45497,39559.92936,39600.81848,1058.5572,1058.699459,416.66942,-17.81043,-18.57517052,-8.65117,-7.033362523,697.54269,1.50881,0.26744,1.81927,-0.93366,0.1,-0.45744,4.35191,-0.73268,3.30354,4.7602,0.17258,10.79466,5.25,4.30276,-5.52128,-1.68255,1.01119,-0.76108,-3.8952,-6.69477,-2.04192,0.77865,4.18112,4.57,4.5636,7.78936,-5.93712,-0.25683,-0.83464,-0.03256,0.36648,1.48031,0.02317,-0.52704,1.97467,0.41944
2013Q3,979.03468,3912.07869,491.85772,491.811984,-0.72555,102372.4897,1153.63733,1155.745129,4618.36549,540.14933,540.138436,7.883179403,7.858460669,206.47313,39342.25063,40016.16079,1058.00543,1059.711168,417.66392,-18.96739,-19.14931227,-5.22692,-6.826297054,698.33085,2.21236,0.8479,1.73698,-0.13197,0.07333,0.09633,3.69161,-0.80635,3.60702,4.26221,-0.12523,9.92453,5.25,4.35854,-4.51941,-1.97071,1.26239,-0.2572,-0.92,-4.62784,4.07264,-0.42761,3.03344,3.978,-2.20708,13.69702,3.15264,0.52563,-0.35506,-0.0814,0.46282,-0.52446,-0.32469,-0.09049,-0.12977,0.16937
2013Q4,979.90211,3915.04291,491.15101,491.5666999,-1.26586,106849.2028,1157.91738,1156.278725,4621.17475,540.87883,540.9271548,7.906560042,7.882968219,206.76928,40989.70432,40529.91767,1062.10762,1060.950983,418.27804,-20.42144,-19.75030823,-3.74828,-6.899593296,697.92029,2.96422,0.86743,2.09301,-1.46866,0.07,0.46046,2.80926,4.28005,3.43504,3.83657,0.33654,5.81904,5,4.29703,-4.96869,0.82679,1.59104,-1.13212,-2.82684,-5.81623,1.1846,-2.16124,2.918,2.45648,16.40876,5.91453,-1.64224,0.9653,-2.68422,-0.10924,0.67515,-1.47106,-0.25066,0.41722,-3.2735,-0.09702
2014Q1,979.55682,3916.68039,492.26837,492.2548219,-0.54431,108289.546,1159.25639,1157.963595,4625.25478,541.64155,541.6508256,7.779833213,7.800000402,205.15349,39180.55669,39018.56022,1057.59359,1057.147392,419.09178,-21.0377,-20.66578985,-3.39991,-0.463661076,697.42186,1.63748,-0.34529,2.08072,-0.79315,0.06333,0.269,4.08003,1.33901,3.7332,3.29586,-0.81196,0.17729,5,3.56486,-4.90097,7.1986,1.99759,-1.60511,4.46944,-2.46504,-6.46316,2.8862,3.05088,3.25496,-18.05612,1.3935,-1.99372,-0.69507,0.4541,0.02802,-0.12688,1.65459,-0.39716,-1.16508,-6.36937,0.00278
2014Q2,980.84018,3919.33379,492.36723,492.1135092,-0.53337,107649.8059,1158.66387,1159.512779,4629.47497,542.46277,542.4235416,7.759943863,7.777434231,204.89751,40727.75174,40679.42802,1061.4665,1061.377486,419.8265,-21.16018,-22.05043824,-4.26848,-2.425667841,697.26474,2.6534,1.28336,2.36687,0.27951,0.08667,0.08528,4.22019,-0.59252,3.70027,3.0718,-0.55746,2.9093,4.75,3.15708,-3.34975,4.38269,1.65221,-0.27795,0.39544,-0.48989,-1.02392,0.04377,3.28488,2.93888,15.49164,-3.47428,-0.62848,0.90957,-0.38495,-0.05806,0.0805,0.2779,-0.05756,0.6282,1.2942,0.05407
2014Q3,982.04809,3922.3472,491.55618,491.4015041,-0.26525,106782.8487,1157.85526,1159.876711,4633.6929,543.15023,543.1408596,7.766579122,7.751368204,204.98298,41421.71752,42080.46461,1063.15606,1064.73749,421.12512,-23.75998,-23.95268252,-3.15872,-4.743154096,696.53916,3.01341,1.20791,2.56713,-0.30154,0.07333,0.4603,4.21793,-0.80861,3.83185,3.0009,-1.49015,5.15063,4.5,3.4612,-4.79259,2.0682,1.46929,-1.79169,-3.2442,-10.3992,0.34188,1.07247,2.74984,5.19448,6.75824,4.43906,-2.90232,0.81878,-1.70218,-0.10027,0.72856,0.28742,-0.06334,-0.43103,1.04289,-0.03797
2014Q4,982.5526,3924.99769,488.04941,488.3895315,-0.89098,112165.0022,1162.77263,1161.201781,4638.54815,543.76992,543.8017284,7.629986683,7.61542131,203.20861,43054.42965,42562.17711,1067.02204,1065.855448,421.54401,-29.9748,-29.26802307,-0.91636,-4.008501338,691.25802,2.65049,0.50451,2.4887,-3.1016,0.07,0.37488,4.85525,4.91737,4.34335,2.89109,-3.56067,4.91442,4.33333,3.26597,-9.55336,2.83192,1.76707,-6.66227,-14.02708,-24.85931,-7.09748,-2.50292,2.47876,1.67556,15.46392,8.96941,-21.12456,0.29611,-3.60515,-0.07241,0.52219,1.18789,-0.03217,-2.34039,-1.49561,-0.13052
2015Q1,983.44911,3928.88998,483.4257,483.4846449,-0.95005,113343.6576,1163.81797,1162.55216,4643.10973,544.41459,544.4246938,7.639995392,7.654468197,203.3397,44836.45432,44773.52328,1071.07768,1070.912483,421.45908,-34.4672,-34.03109372,-9.54938,-6.819270059,686.7654,3.89229,0.89651,3.0524,-8.84267,0.06,-0.40574,4.56158,1.04534,4.46374,2.77304,-1.81379,13.48409,3.83333,2.3673,-13.4295,-6.14947,1.87867,-10.65646,-18.49484,-17.9696,0.52436,-0.23628,2.57868,-0.33972,16.22256,-34.53206,-17.97048,1.69895,-8.4404,-0.21778,0.44841,-0.64221,0.38705,0.58704,7.23679,0.02001
2015Q2,984.06649,3932.11629,483.46267,483.2881938,-0.76651,111016.1095,1161.74306,1162.564022,4646.18892,545.16974,545.1402072,7.676643444,7.682310102,203.81824,46911.34862,46814.30504,1075.60149,1075.413135,422.30033,-33.85098,-34.86320568,-12.61731,-10.71465679,687.28091,3.22631,0.61738,3.19563,-8.90456,0.08,-0.23314,3.07919,-2.07491,4.17849,2.70697,-1.07927,14.13499,3.5,2.47383,-12.6908,-8.34883,1.57025,-9.98383,0.14788,2.46491,1.91416,0.73417,3.0206,3.365,18.09524,-12.27172,2.06204,0.48194,-3.07816,-0.05702,0.37247,-1.37074,0.50313,0.15098,0.9724,-0.07834
2015Q3,984.46607,3934.53427,481.57569,481.3680568,-0.99583,112035.3696,1162.65699,1164.642015,4650.99065,545.9128,545.9098937,7.663372799,7.660472855,203.64522,47039.09296,47720.67552,1075.87343,1077.312773,423.15711,-37.8408,-37.93428449,-8.31179,-9.817424771,685.22091,2.41798,0.39958,3.04677,-9.98049,0.07667,-0.73058,4.80173,0.91393,4.32444,2.76257,-1.33776,12.71737,3.25,2.03199,-14.08082,-5.15307,1.45029,-11.31825,-7.54792,-15.95928,-0.69208,-0.91729,2.97224,3.42712,1.08776,17.2221,-8.24,-0.03087,-3.66018,-0.05074,-0.2015,1.15783,0.63113,-1.17761,-1.73569,-0.14109
2015Q4,984.65044,3936.63211,479.32325,479.5817373,-1.11948,116288.3777,1166.38284,1164.836951,4654.60086,546.56745,546.5857991,7.648265576,7.636568146,203.44789,49136.10109,48578.84205,1080.23493,1079.080233,424.11304,-41.25921,-40.58162873,-7.72151,-10.7839521,682.77114,2.09784,0.18437,2.90861,-8.72616,0.11667,-0.2285,3.61021,3.72585,4.01318,2.79753,0.23928,13.21289,3,2.56903,-11.28441,-6.80515,0.99013,-8.48688,-9.00976,-13.67367,-0.78932,-0.4946,2.6186,3.82372,17.446,2.36109,-9.79908,0.00768,-1.62165,0.00846,0.47887,-0.41836,0.57432,1.41359,0.07677,0.02201
2016Q1,985.22837,3938.41137,476.94067,477.069608,0.46086,115243.1012,1165.47991,1164.219295,4656.2628,547.2171,547.2224468,7.675872747,7.683106196,203.8082,49244.83165,49227.09893,1080.45597,1080.412314,425.6725,-43.28624,-42.87076359,-14.46322,-11.84020872,680.74887,1.77926,0.57793,2.38035,-6.48503,0.27667,1.41091,1.66194,-0.90293,3.28827,2.80251,0.4685,9.37829,3,4.21342,-8.81904,-4.91384,0.82068,-6.01653,-9.53032,-8.10812,1.44124,6.32136,2.5986,6.23784,0.88416,-26.96682,-8.08908,-0.16885,-0.18009,0.15398,1.46168,-1.50569,0.294,0.98447,-3.71205,-0.00208
2016Q2,985.54888,3939.89376,478.54776,478.3710731,0.74901,115126.3155,1165.37852,1166.256554,4659.89826,547.85677,547.8401732,7.676223543,7.677978182,203.81277,51003.96226,50909.54602,1083.96586,1083.785479,426.50288,-41.45839,-42.53642562,-14.65919,-12.72018371,682.36053,1.48239,0.32051,1.94437,-4.91491,0.29667,1.51552,3.63546,-0.10139,3.42733,2.68703,-0.00547,8.36437,3,4.20255,-7.60741,-2.04188,0.70489,-4.92038,6.42836,7.31143,0.01828,1.15261,2.55868,3.32152,14.03956,-0.78388,6.44664,-0.32435,-0.17789,0.02657,0.29812,1.21354,0.1674,-0.09562,-1.62526,-0.02945
2016Q3,986.25562,3941.68331,479.25454,479.0871286,0.97856,114354.3226,1164.7057,1166.631378,4661.94697,548.47325,548.4722914,7.554803605,7.56194091,202.21836,51525.02547,52254.96525,1084.98229,1086.379012,427.69195,-44.14926,-44.05328113,-12.81149,-14.34488928,681.4729,1.78955,0.70674,1.78726,-2.32115,0.29667,1.97439,2.04871,-0.67282,2.73908,2.56045,-1.42686,9.10886,3,4.53484,-6.30846,-4.4997,0.4135,-3.74801,2.82712,-10.76348,-6.37764,0.91819,2.46592,4.75628,4.06572,7.39082,-3.55052,0.11454,0.84002,-0.01358,0.55975,-1.35859,0.07745,-0.71767,0.5071,-0.04651
2016Q4,986.80883,3943.8417,479.71172,479.8997526,0.76517,120081.7692,1169.59282,1167.987516,4665.15695,549.1365,549.1472555,7.502344712,7.488474774,201.52156,54189.94751,53513.40813,1090.02507,1088.758166,428.56674,-45.36612,-44.77972333,-11.73262,-14.72887178,681.23328,2.15839,0.55321,1.8024,0.38847,0.39,1.88465,3.20998,4.88712,2.63902,2.56905,-1.92633,9.79014,3,4.4537,-4.10691,-4.01111,0.00405,-1.53786,1.82872,-4.86747,-2.7872,-0.85356,2.653,3.49916,20.17112,4.31545,-0.95848,0.34708,1.37555,0.06891,-0.03306,0.0239,0.03814,-0.23197,0.66678,-0.01681
2017Q1,987.29407,3945.9074,480.62265,480.7749852,1.66144,120681.0387,1170.09063,1168.859898,4669.76767,549.86925,549.8711269,7.43059473,7.43278126,200.56059,55383.7883,55368.96646,1092.20422,1092.193575,429.52523,-45.50402,-45.18406149,-18.9486,-16.31201453,681.18324,2.0657,0.48524,1.87401,3.68198,0.65,1.20058,4.61072,0.49781,3.37622,2.65215,-3.24761,11.74825,3,3.85273,-2.21778,-4.48538,-0.5877,0.43437,3.64372,-0.5516,-3.84388,3.58508,2.931,3.83396,8.7166,-28.8639,-0.20016,0.09073,2.83294,0.26733,-0.88743,1.03006,-0.04934,-1.55542,1.80639,-0.05718
2017Q2,987.85235,3948.21087,480.68768,480.4770423,2.26651,117991.6809,1167.83694,1168.830224,4672.22609,550.38503,550.374277,7.340223561,7.342540715,199.33693,57132.91075,57134.87893,1095.31356,1095.303991,430.54864,-46.32257,-47.39728907,-21.02021,-19.15813773,680.02461,2.30347,0.55828,2.07928,2.13992,0.90667,1.5175,2.45842,-2.25369,3.08196,2.52826,-4.47584,11.3477,3,4.04576,-4.86418,-6.36102,-0.2687,-2.33592,0.26012,-3.27417,-4.89464,2.42029,2.06312,4.09364,12.43736,-8.28644,-4.63452,0.36963,-1.45546,0.20957,0.52729,-1.69359,-0.41516,-1.72404,-0.45179,-0.04476
2017Q3,988.63821,3950.59346,481.21683,481.1308292,3.2622,117906.0972,1167.76438,1169.669866,4675.28477,550.84442,550.8462551,7.294453027,7.308520888,198.71142,57346.81587,58162.53604,1095.68726,1097.079728,432.34676,-48.06508,-47.77308028,-18.08661,-19.64795542,679.92825,2.38259,0.78586,2.22754,1.96229,1.06667,2.28364,3.05868,-0.07256,3.33445,2.37117,-3.50694,10.70497,3,4.65481,-3.91582,-5.27512,-0.10188,-1.54465,2.1166,-6.97004,-2.50204,3.98275,1.83756,7.19248,1.4948,11.73442,-0.38544,0.34324,-0.43802,0.12723,0.92177,-0.1656,-0.49933,0.87943,-0.56492,0.07348
2017Q4,989.75902,3953.54365,482.63485,482.8069248,3.17947,122541.9991,1171.62091,1169.832674,4677.31286,551.4635,551.4684971,7.339026468,7.319606422,199.32062,60316.429,59423.5973,1100.73598,1099.236077,433.30804,-46.97093,-46.45323716,-18.08844,-20.9952902,681.95547,2.95019,1.12081,2.42549,2.92313,1.15667,2.4143,2.02809,3.85653,3.03898,2.327,-2.20094,10.71091,2.83333,4.7413,-1.60481,-6.35582,-0.37889,0.72219,5.67208,4.37657,2.4368,-0.33092,2.47632,3.84512,20.19488,-0.00735,8.10888,0.87573,0.19382,0.02906,0.34496,-2.0041,-0.25234,1.25406,0.73375,-0.07507
2018Q1,990.56901,3956.81859,483.88424,484.0003116,3.69087,123950.2185,1172.76353,1171.592948,4679.98576,552.08352,552.0853788,7.36530234,7.364262246,199.67801,61545.70817,61524.30022,1102.75354,1102.753597,433.76893,-45.33928,-45.19330805,-24.61075,-21.94507852,683.56225,3.27494,0.80999,2.7278,3.26159,1.45333,2.02943,2.6729,1.14262,2.55452,2.21427,-0.88258,10.54932,2.75,4.2437,0.16474,-5.66215,-0.44571,2.37901,4.99756,6.5266,1.42956,2.0456,2.48008,1.84356,8.07024,-26.08922,6.42712,0.94862,-0.26154,0.22782,-0.14118,-1.1181,-0.3516,0.99413,0.20941,-0.01002
2018Q2,991.09844,3960.06468,484.99047,484.7166561,3.79317,123024.8074,1172.01413,1173.191198,4684.16295,552.71533,552.7095248,7.442648004,7.451088824,200.72267,60603.88022,60762.0098,1101.21142,1101.445693,434.4056,-42.96434,-43.96323391,-20.41058,-18.62293812,685.71314,3.24609,0.52943,2.96345,4.30279,1.76667,1.52666,4.17719,-0.7494,2.98421,2.3303,1.38574,5.89786,2.75,3.85696,3.35823,0.60963,-0.55512,5.68853,4.42492,9.49979,4.17864,0.40921,2.52724,2.54668,-6.16848,16.80068,8.60356,0.77566,0.67312,0.26849,-0.43935,0.25157,-0.19675,2.15338,-4.63411,0.03693
2018Q3,991.72031,3963.14678,484.90587,484.9073389,4.10899,122027.8041,1171.20042,1173.058856,4687.59899,553.44197,553.4396955,7.546199809,7.562448401,202.10441,60874.6676,61754.19948,1101.65724,1103.058323,435.7911,-43.5806,-43.16771747,-18.023,-19.65426827,687.01028,3.0821,0.62187,3.13833,3.68904,2,0.84679,3.43604,-0.81371,3.07855,2.59755,3.39299,5.96998,2.75,3.44434,4.48448,0.06361,-0.6635,7.08203,-0.3384,-2.46504,5.52696,1.26327,2.90656,5.542,1.78328,9.55034,5.18856,0.62448,-0.60028,0.19116,-0.39148,-0.67385,0.039,2.15852,-1.18842,0.1607
2018Q4,991.86175,3965.24951,484.06086,484.2883499,3.87145,126441.0284,1174.75313,1172.746471,4690.73121,553.98235,553.9889752,7.718314414,7.690746691,204.3596,64850.02661,63704.11976,1107.98326,1106.192855,436.51887,-43.02479,-42.51788762,-19.68465,-22.47205261,688.42046,2.10273,0.14144,2.92647,1.42601,2.26667,0.69198,3.13222,3.55271,3.35459,2.51885,5.03898,7.24728,2.75,3.21083,3.94614,-1.59621,-0.33105,6.46499,-3.38004,2.22321,9.02076,-0.95016,2.16152,2.91108,25.30408,-6.64663,5.64072,-0.28213,-1.6068,0.2796,0.16136,0.22513,-0.3219,1.98257,-0.77733,0.22009
2019Q1,992.4035,3967.084,483.51732,483.5705282,5.45429,128558.7015,1176.41409,1175.345986,4694.38177,554.47715,554.4809924,7.719124879,7.71903197,204.3701,65603.47198,65601.99133,1109.13839,1109.184561,437.92598,-43.40774,-43.40527034,-24.95141,-22.24968177,687.88742,1.83449,0.54175,2.56635,-0.36692,2.41,1.76342,3.65056,1.66096,3.599,2.39363,4.69209,6.38485,2.75,4.15705,1.93154,-0.34066,0.05765,4.32517,-2.17416,-1.5318,0.042,6.33136,1.9792,5.62844,4.62052,-21.06702,-2.13216,-0.11579,-1.82461,0.14649,1.38951,0.91159,-0.42906,1.06058,-2.5938,0.01941
2019Q2,993.22936,3969.21492,484.03656,483.6846388,5.9714,127734.4655,1175.77089,1177.093198,4698.13853,555.12675,555.114179,7.672269004,7.687175738,203.76124,67173.63411,67507.60661,1111.50361,1111.969123,438.99525,-43.2911,-44.22012987,-24.53459,-22.84277261,687.7978,2.13092,0.82586,2.28756,-0.95391,2.41667,2.17823,3.75676,-0.6432,3.49389,2.41142,3.03857,10.29219,2.75,4.58965,-0.32676,-4.12401,0.03382,2.08466,2.07696,0.46659,-2.43544,2.06845,2.5984,4.27708,9.46088,1.66728,-0.35848,0.29967,-1.41087,-0.01263,0.88798,0.35482,-0.08705,-0.29591,2.71973,-0.03863
2019Q3,994.35541,3971.85002,483.09409,483.1278406,4.91059,126950.5602,1175.1553,1176.960721,4702.09341,555.65157,555.6526258,7.684205589,7.698422828,203.9167,69226.4158,70211.30117,1114.51378,1115.886755,438.8023,-45.78969,-45.39590582,-24.71506,-26.39133525,687.01079,2.6351,1.12605,2.17581,-1.81178,2.14333,0.8016,3.95488,-0.61559,3.6236,2.2096,1.81229,12.85654,2.75,3.0112,-2.20909,-6.69206,0.17822,0.00051,-3.76988,-9.99436,0.62184,-4.24325,2.09928,-0.7718,12.04068,-0.72186,-3.14804,0.67232,-2.1473,-0.32441,-0.77554,-0.52824,0.01326,-1.16721,2.20892,0.04785
2019Q4,994.99464,3974.98291,482.72647,483.0703794,4.4834,132106.5536,1179.13641,1176.984267,4706.47669,556.16179,556.1691207,7.718574525,7.68595286,204.36297,73834.82627,72398.31227,1120.95858,1118.981786,439.31026,-46.53525,-45.93995738,-26.09725,-28.78504138,687.08944,3.13289,0.63923,2.43335,-1.33439,1.56333,0.61195,4.38328,3.98111,3.93637,2.17944,0.00337,12.97532,2.75,2.79139,-3.51046,-6.4126,0.12105,-1.33102,-1.47048,-2.98227,1.78508,-1.70876,2.04088,2.03184,25.7792,-5.52879,0.3146,0.94638,-1.25669,-0.64502,0.09821,-0.40681,0.06002,-1.00216,0.00268,0.06486
2020Q1,993.62258,3976.20199,481.87667,481.8799486,4.84702,129609.1419,1177.22786,1176.239245,4707.29046,556.66774,556.6749574,7.676851483,7.679422447,203.82095,74027.70544,74055.47406,1121.21947,1121.304145,439.5093,-47.78813,-47.85434997,-34.02813,-31.32574603,685.69762,1.21908,-1.37206,2.2795,-1.64065,1.08333,-0.60727,0.81377,-1.90855,3.22717,2.19059,-0.54915,12.08108,2.75,1.58332,-4.38039,-9.07672,0.14683,-2.1898,-3.3992,-5.01152,-2.16808,1.45448,2.0238,0.79616,1.04356,-31.7235,-5.56728,-1.18831,-0.06564,-0.39749,-1.12537,-2.52934,0.2535,-1.28822,-1.33471,0.18175
2020Q2,985.40242,3968.37505,478.02404,477.5992676,5.98677,115921.9733,1166.06726,1167.464638,4697.58683,557.11461,557.1022522,7.701136382,7.721840918,204.13679,78973.0947,79424.09222,1127.68625,1128.237343,440.99848,-50.91593,-51.82242382,-48.433,-46.72759545,682.16083,-7.82694,-8.22016,-0.20997,-6.01252,0.06,0.01537,-9.70363,-11.1606,-0.13793,1.98786,0.37555,16.18264,2,2.00323,-7.62483,-23.89841,0.01911,-5.63697,-15.41052,-12.51117,1.26336,4.55901,1.78748,5.95672,25.86712,-57.61948,-14.14716,-9.38511,2.9379,-0.36609,0.35328,-4.19354,-0.16089,-0.33073,1.76815,-0.11715
2020Q3,992.87556,3966.8952,480.91869,480.9519972,6.84305,125171.4529,1173.74397,1175.452825,4696.1755,557.6478,557.6458185,7.719405089,7.726277062,204.37373,83862.86632,85074.7645,1133.69382,1135.093203,442.73099,-49.50429,-49.22084163,-43.3102,-45.12169885,685.29242,-1.47985,7.47314,-1.2387,-2.1754,0.09333,1.93246,-1.41133,7.67671,-1.47948,1.99623,0.45703,19.18004,1.75,3.92869,-3.7146,-18.59514,-0.81765,-1.71837,11.5786,5.64656,0.94776,3.42511,2.13276,6.93004,24.03028,20.49122,12.52636,0.97602,1.06935,-0.0394,1.56058,-0.8305,-0.05261,1.58335,3.36201,-0.04422
2020Q4,993.90526,3965.80582,481.94885,482.3951456,7.43005,135445.8624,1181.63273,1179.456041,4698.67182,558.29398,558.2911378,7.790480191,7.758369665,205.29025,90992.46683,89164.64162,1141.8532,1139.788484,444.3891,-48.51778,-47.77831006,-42.36336,-44.95408755,687.2391,-1.08938,1.0297,-2.29427,-0.77762,0.09,2.94665,2.49632,7.88876,-1.95122,2.13219,0.92728,20.89462,1.75,5.07884,-1.98253,-16.26611,-1.12265,0.14966,4.12064,3.94601,3.66608,2.348,2.58472,6.63244,32.63752,3.78733,7.78672,-1.44994,1.6646,0.09363,0.81943,1.7971,-0.20708,1.03494,2.49721,0.10375
2021Q1,995.18252,3967.36576,486.16573,486.12536,7.96008,135416.2165,1181.61084,1180.70871,4703.0548,559.09056,559.1091733,7.751866089,7.757610891,204.79336,91502.7861,91584.83162,1142.41247,1142.548355,445.04518,-44.94948,-45.03753618,-48.41533,-45.70138328,690.95909,1.55994,1.27726,-2.20906,4.28906,0.08,3.11306,4.38298,-0.02189,-1.05892,2.42282,0.97241,21.193,1.75,5.53588,2.83865,-14.3872,-2.03204,5.26147,16.86752,14.2732,-1.98756,2.12012,3.18632,2.62432,2.23708,-24.20786,14.87996,1.02612,3.51124,-0.06355,-0.17933,-0.26372,0.00715,0.92798,2.88617,-0.02674
2021Q2,996.69083,3978.65417,490.30783,489.8719462,7.99729,134011.5273,1180.56811,1181.95013,4717.55565,559.75406,559.7517343,7.723330632,7.746207588,204.42457,92582.82238,93011.24187,1143.58589,1144.041206,445.64845,-40.98381,-41.86936986,-47.19234,-45.41381827,694.7324,11.28841,1.50831,2.56978,12.28379,0.07,2.01052,14.50085,-1.04273,4.9922,2.63945,0.28778,15.89964,1.75,4.64997,9.93212,1.24066,-3.18941,12.57157,16.5684,15.86271,-1.47516,0.14885,2.654,2.41308,4.69368,4.89196,15.09324,9.57899,0.20201,-0.67142,-1.05928,1.34971,-0.13061,1.42469,-1.49075,-0.20012
2021Q3,997.50219,3983.2808,492.23902,492.2074903,7.68201,135456.9694,1181.64093,1183.235669,4725.45261,560.44247,560.4383304,7.738443738,7.737591495,204.62006,94293.34561,95719.23039,1145.41659,1146.880438,446.36462,-40.7323,-40.62853123,-44.34134,-46.35534955,696.85908,4.62663,0.81136,4.0964,11.32033,0.09,0.83896,7.89696,1.07282,7.31928,2.79467,0.24633,11.72277,1.75,3.63363,8.77199,-1.03114,-3.07315,11.56666,7.72476,1.00604,0.78196,-1.26113,2.75364,2.86468,7.3228,11.40402,8.50672,-1.39965,2.72868,0.12293,-1.42124,0.92211,-0.66557,-0.66383,-4.53751,0.0238
2021Q4,999.18464,3988.56018,494.26388,494.8042921,7.01986,141923.9884,1186.30469,1184.292567,4730.12457,561.63086,561.585932,7.729419015,7.701493033,204.50337,102352.2219,100392.5544,1153.61753,1151.64816,447.31579,-40.32651,-39.41631515,-46.11885,-48.61023667,698.76725,5.27938,1.68245,5.68859,12.31503,0.08,-0.41019,4.67196,4.66376,7.86319,3.33688,-0.78688,11.76433,1.75,2.92669,8.19127,-3.75549,-3.60383,11.52815,8.09944,1.62313,-0.46676,-2.6486,4.75356,3.80468,32.80376,-7.11007,7.63268,2.20916,1.31098,-0.16344,-1.40563,-2.82945,0.04226,-0.89334,-0.48704,0.04827
2022Q1,998.68586,3992.06352,498.74451,498.6525195,7.00408,141826.208,1186.23577,1185.368716,4734.7495,563.3301,563.3817351,7.698486107,7.706356527,204.10237,102396.7241,102464.0498,1153.661,1153.761497,448.32872,-37.30123,-37.40418868,-50.79939,-48.03681355,702.84688,3.50334,-0.49878,6.17444,12.57878,0.12,-0.956,4.62493,-0.06892,7.92367,4.23954,-0.69099,11.24853,1.75,3.28354,7.64825,-2.38406,-4.23191,11.88779,17.92252,12.10112,-1.604,-0.06312,6.79696,4.05172,0.17388,-18.72214,16.31852,0.14347,2.61871,0.03783,-1.0582,0.24592,0.17694,0.11401,-2.18315,0.07272
2022Q2,998.54453,3993.91722,503.38526,503.0189225,7.82078,140382.2025,1185.2124,1186.451259,4739.39379,565.74824,565.7763681,7.689230396,7.713428698,203.98207,105714.432,105958.0859,1156.84967,1157.085814,451.46612,-34.34306,-35.18818232,-49.81765,-47.94438256,707.36733,1.8537,-0.14133,3.81576,13.07743,0.77,-0.17651,4.64429,-1.02337,5.45953,5.99418,-0.4425,13.26378,2,5.81767,6.64075,-2.62531,-5.22063,12.63493,18.563,11.83271,-0.4812,3.26681,9.67256,12.5496,12.75468,3.92696,18.0818,-0.71807,3.66764,0.71606,-0.07878,1.4811,0.81576,0.55566,0.23301,0.07272
2022Q3,999.20065,3995.61568,500.70639,500.5920869,8.37569,140792.3797,1185.50416,1186.943998,4743.25702,568.14122,568.124396,7.757004953,7.746847492,204.85963,107413.6126,109185.2643,1158.44422,1160.049144,454.75705,-39.72411,-39.79850949,-45.80699,-48.12582735,705.56602,1.69846,0.65612,3.08372,8.46737,2.19,0.69368,3.86323,0.29176,4.4511,7.69875,0.23957,13.02763,2.66667,8.39243,1.00819,-1.46565,-4.95529,8.70694,-10.71548,-21.5242,3.51024,2.21963,9.57192,13.16372,6.3782,16.04266,-7.20524,-0.14131,-1.82402,1.40561,0.61376,0.37373,0.95127,-0.1095,-1.20964,0.09549
2022Q4,999.83431,3996.26535,498.52533,499.0834047,7.44678,146774.7239,1189.66542,1188.009842,4746.61775,570.15962,570.048192,7.849038184,7.827486259,206.0391,114364.249,112388.4427,1164.71438,1162.935322,456.27147,-43.05809,-42.00886643,-45.32621,-47.65600779,704.56443,0.64967,0.63366,1.92629,4.26145,3.65333,0.42692,3.36073,4.16126,4.12329,8.52876,1.53573,11.09685,3.5,8.95568,-2.73158,0.79264,-3.98718,5.79718,-8.72424,-13.33595,4.71788,-3.71564,8.0736,6.05768,25.08064,1.92309,-4.00636,-1.12122,-1.67207,1.53479,-0.41494,0.796,0.64889,-0.40437,-2.59396,0.11902
2023Q1,1000.38893,3997.96842,497.31051,497.1771999,7.76915,147507.0721,1190.16314,1189.278457,4750.54512,571.58634,571.6798232,7.828510797,7.83840115,205.77723,115619.4184,115586.8682,1165.80592,1165.801342,457.35003,-45.31661,-45.44774661,-50.7607,-47.91540943,703.08774,1.70307,0.55462,1.47623,-1.434,4.51667,0.76507,3.92737,0.49772,3.9489,8.25624,1.67486,12.14492,4.41667,9.02131,-8.01538,0.03869,-2.06682,0.24086,-4.85928,-9.03408,-1.04748,1.28948,5.70688,4.31424,4.36616,-21.73794,-5.90676,0.39757,-5.49417,0.81636,0.82766,0.43665,-0.03887,-0.60028,0.33933,0.32083
2023Q2,1000.89911,4000.323,496.1922,495.9756406,7.16028,146161.9891,1189.24708,1190.255477,4754.5798,572.78585,572.8519989,7.815614565,7.839750446,205.61236,119282.1531,119245.4557,1168.9247,1168.904444,457.84323,-46.94344,-47.71026752,-50.82039,-48.89737709,701.80456,2.35458,0.51018,1.60145,-7.19306,4.99,-0.6605,4.03468,-0.91606,3.7965,7.03761,1.63029,12.07503,4.91667,6.37711,-12.60038,-1.00274,0.02736,-5.56277,-4.47324,-6.50729,-0.65948,-2.43547,4.79804,1.9728,12.47512,-0.23876,-5.13272,0.58165,-7.08467,0.41059,-0.61262,-0.3605,-0.3387,-1.86965,-0.19461,0.08292
2023Q3,1002.08572,4003.20807,496.41223,496.2113268,7.00163,146456.1434,1189.44813,1190.736223,4758.52377,573.97897,573.9564699,7.858997863,7.841486681,206.16591,119757.5427,121922.1291,1169.32245,1171.090052,459.22074,-48.54974,-48.7683048,-46.9035,-49.51917782,702.57814,2.88507,1.18661,1.8981,-4.29416,5.26,-1.37406,3.94397,0.20105,3.81669,5.83775,1.30628,10.87823,5,4.46369,-8.82563,-1.09651,0.50184,-2.98788,0.88012,-6.4252,2.2142,-0.63461,4.77248,5.51004,1.591,15.66758,3.09432,0.82304,-0.01881,0.26121,-0.998,-0.75902,-0.2657,-0.94383,-0.69591,-0.1881
2023Q4,1002.92079,4006.29455,495.6394,496.1397317,6.78386,149745.0859,1191.66897,1190.464048,4760.52732,575.21097,575.0208489,7.831414147,7.815482429,205.81431,127212.3988,125282.6992,1175.36134,1173.800779,460.6599,-51.22016,-50.1123402,-48.91827,-51.08606042,701.45371,3.08648,0.83507,2.5073,-2.88593,5.33,-0.66292,2.00355,2.22084,3.47739,5.05135,-0.22479,10.64696,5,4.38843,-8.16207,-3.59206,0.84285,-3.11072,-3.09132,-10.68171,-1.4064,-0.87108,4.928,5.75664,24.15556,-8.05911,-4.49772,0.78905,-0.78434,0.06003,0.49724,-2.2542,-0.24576,-1.31433,0.09615,-0.21453
2024Q1,1003.23116,4009.13678,496.06223,495.9119724,7.06699,152324.4402,1193.3768,1192.426896,4763.74098,575.67754,575.8230211,7.810837559,7.822566643,205.55122,129660.6848,129463.5541,1177.26762,1177.124704,460.73907,-50.8821,-51.02385779,-54.91754,-51.97445855,701.61345,2.84223,0.31037,2.79209,-1.24828,5.33,-0.70216,3.21366,1.70783,3.29897,4.0912,-0.22601,11.4617,5,3.38904,-5.56549,-4.15684,1.21546,-1.47429,1.69132,1.35224,-1.05236,1.13252,1.86628,0.31668,7.62512,-23.99705,0.63896,0.45543,0.07367,0.02126,-0.23561,-0.21099,-0.57475,-0.25696,0.97659,-0.00244
2024Q2,1003.17753,4011.4152,495.71813,495.6718521,6.65473,151324.3159,1192.71806,1193.481547,4767.21196,576.7315,576.825108,7.812711604,7.83619429,205.57521,133147.5113,132814.0975,1179.92129,1179.682538,461.28333,-51.40031,-52.07440598,-54.40035,-52.47124746,701.29334,2.27842,-0.05363,2.77305,-0.47407,5.27865,-0.50555,3.47098,-0.65874,3.15804,3.94565,-0.03715,10.99659,5.01923,3.4401,-4.45687,-3.57996,1.23928,-0.51122,-1.3764,-2.07281,0.09597,-1.64904,4.21585,2.17703,10.61467,2.06875,-1.28043,0,0,0,0,0,0,0,0,0
